-- -------------------------------------------------------------
-- TablePlus 6.8.0(654)
--
-- https://tableplus.com/
--
-- Database: dccdb
-- Generation Time: 2026-02-15 12:02:34.0240
-- -------------------------------------------------------------



DROP TABLE IF EXISTS `bitcoin_backed_lenders`;
CREATE TABLE `bitcoin_backed_lenders` (
  `id` varchar(191) COLLATE utf8mb4_unicode_ci NOT NULL,
  `issuerProvider` varchar(255) COLLATE utf8mb4_unicode_ci NOT NULL,
  `productInstrument` varchar(512) COLLATE utf8mb4_unicode_ci NOT NULL,
  `apyCost` varchar(128) COLLATE utf8mb4_unicode_ci DEFAULT NULL,
  `duration` varchar(128) COLLATE utf8mb4_unicode_ci DEFAULT NULL,
  `collateral` varchar(255) COLLATE utf8mb4_unicode_ci DEFAULT NULL,
  `jurisdiction` varchar(128) COLLATE utf8mb4_unicode_ci DEFAULT NULL,
  `lockup` varchar(128) COLLATE utf8mb4_unicode_ci DEFAULT NULL,
  `seniority` varchar(255) COLLATE utf8mb4_unicode_ci DEFAULT NULL,
  `notes` text COLLATE utf8mb4_unicode_ci,
  `sources` varchar(512) COLLATE utf8mb4_unicode_ci DEFAULT NULL,
  `category` varchar(128) COLLATE utf8mb4_unicode_ci DEFAULT NULL,
  `createdAt` timestamp(6) NOT NULL DEFAULT CURRENT_TIMESTAMP(6),
  `updatedAt` timestamp(6) NOT NULL,
  PRIMARY KEY (`id`)
) ENGINE=InnoDB DEFAULT CHARSET=utf8mb4 COLLATE=utf8mb4_unicode_ci;

DROP TABLE IF EXISTS `crypto_lending_providers`;
CREATE TABLE `crypto_lending_providers` (
  `id` varchar(191) COLLATE utf8mb4_unicode_ci NOT NULL,
  `provider` varchar(128) COLLATE utf8mb4_unicode_ci NOT NULL,
  `type` varchar(64) COLLATE utf8mb4_unicode_ci NOT NULL,
  `apyMin` decimal(5,2) DEFAULT NULL,
  `apyMax` decimal(5,2) DEFAULT NULL,
  `hv30Pct` decimal(5,2) DEFAULT NULL,
  `liquidity` varchar(64) COLLATE utf8mb4_unicode_ci DEFAULT NULL,
  `comment` text COLLATE utf8mb4_unicode_ci,
  `createdAt` timestamp(6) NOT NULL DEFAULT CURRENT_TIMESTAMP(6),
  `updatedAt` timestamp(6) NOT NULL,
  `jurisdiction` varchar(128) COLLATE utf8mb4_unicode_ci DEFAULT NULL,
  PRIMARY KEY (`id`)
) ENGINE=InnoDB DEFAULT CHARSET=utf8mb4 COLLATE=utf8mb4_unicode_ci;

DROP TABLE IF EXISTS `income_plans`;
CREATE TABLE `income_plans` (
  `id` varchar(191) COLLATE utf8mb4_unicode_ci NOT NULL,
  `loanAmount` decimal(20,2) NOT NULL,
  `currency` varchar(10) COLLATE utf8mb4_unicode_ci NOT NULL,
  `riskTolerance` int NOT NULL,
  `ltv` decimal(5,2) NOT NULL,
  `collateralUSD` decimal(20,2) NOT NULL,
  `collateralBTC` decimal(20,8) NOT NULL,
  `bitcoinPrice` decimal(20,2) NOT NULL,
  `createdAt` timestamp(6) NOT NULL DEFAULT CURRENT_TIMESTAMP(6),
  `updatedAt` timestamp(6) NOT NULL,
  `incomeObjective` decimal(20,2) DEFAULT NULL,
  `userId` varchar(255) COLLATE utf8mb4_unicode_ci DEFAULT NULL,
  PRIMARY KEY (`id`)
) ENGINE=InnoDB DEFAULT CHARSET=utf8mb4 COLLATE=utf8mb4_unicode_ci;

DROP TABLE IF EXISTS `instrument_snapshots`;
CREATE TABLE `instrument_snapshots` (
  `id` varchar(191) COLLATE utf8mb4_unicode_ci NOT NULL,
  `instrumentId` varchar(255) COLLATE utf8mb4_unicode_ci NOT NULL,
  `asOf` timestamp(6) NOT NULL,
  `apyMin` decimal(10,4) DEFAULT NULL,
  `apyMax` decimal(10,4) DEFAULT NULL,
  `rateType` enum('Fixed','Variable','QuoteBased','Promo','Unknown') COLLATE utf8mb4_unicode_ci NOT NULL,
  `apyLabelOverride` varchar(255) COLLATE utf8mb4_unicode_ci DEFAULT NULL,
  `promoFlag` tinyint(1) NOT NULL DEFAULT '0',
  `sourceUrl` varchar(512) COLLATE utf8mb4_unicode_ci DEFAULT NULL,
  `createdAt` timestamp(6) NOT NULL DEFAULT CURRENT_TIMESTAMP(6),
  PRIMARY KEY (`id`),
  KEY `instrument_snapshots_instrumentId_idx` (`instrumentId`),
  CONSTRAINT `instrument_snapshots_instrumentId_fkey` FOREIGN KEY (`instrumentId`) REFERENCES `instruments` (`id`) ON DELETE CASCADE ON UPDATE CASCADE
) ENGINE=InnoDB DEFAULT CHARSET=utf8mb4 COLLATE=utf8mb4_unicode_ci;

DROP TABLE IF EXISTS `instruments`;
CREATE TABLE `instruments` (
  `id` varchar(191) COLLATE utf8mb4_unicode_ci NOT NULL,
  `module` enum('M1A','M1B','M1C') COLLATE utf8mb4_unicode_ci NOT NULL,
  `issuer` varchar(255) COLLATE utf8mb4_unicode_ci NOT NULL,
  `productName` varchar(512) COLLATE utf8mb4_unicode_ci NOT NULL,
  `collateral` varchar(255) COLLATE utf8mb4_unicode_ci NOT NULL,
  `jurisdiction` varchar(255) COLLATE utf8mb4_unicode_ci NOT NULL,
  `lockup` varchar(255) COLLATE utf8mb4_unicode_ci NOT NULL,
  `seniority` varchar(255) COLLATE utf8mb4_unicode_ci NOT NULL,
  `notes` text COLLATE utf8mb4_unicode_ci,
  `sources` json DEFAULT NULL,
  `apyLabel` varchar(255) COLLATE utf8mb4_unicode_ci DEFAULT NULL,
  `duration` varchar(255) COLLATE utf8mb4_unicode_ci DEFAULT NULL,
  `promoFlag` tinyint(1) NOT NULL DEFAULT '0',
  `unverifiableReason` text COLLATE utf8mb4_unicode_ci,
  `internalSources` json DEFAULT NULL,
  `createdAt` timestamp(6) NOT NULL DEFAULT CURRENT_TIMESTAMP(6),
  `updatedAt` timestamp(6) NOT NULL,
  `ltvTypical` decimal(5,2) DEFAULT NULL,
  `marginCallLtv` decimal(5,2) DEFAULT NULL,
  `liquidationLtv` decimal(5,2) DEFAULT NULL,
  `liquidationPenalty` varchar(255) COLLATE utf8mb4_unicode_ci DEFAULT NULL,
  `rehypothecationPolicy` varchar(255) COLLATE utf8mb4_unicode_ci DEFAULT NULL,
  `contractingEntity` varchar(255) COLLATE utf8mb4_unicode_ci DEFAULT NULL,
  `governingLaw` varchar(255) COLLATE utf8mb4_unicode_ci DEFAULT NULL,
  `regionEligibility` json DEFAULT NULL,
  `minLoanSize` decimal(20,2) DEFAULT NULL,
  `accreditedOnly` tinyint(1) DEFAULT '0',
  `feeOrigination` varchar(255) COLLATE utf8mb4_unicode_ci DEFAULT NULL,
  `feeAdmin` varchar(255) COLLATE utf8mb4_unicode_ci DEFAULT NULL,
  `feeSpread` varchar(255) COLLATE utf8mb4_unicode_ci DEFAULT NULL,
  `cusip` varchar(32) COLLATE utf8mb4_unicode_ci DEFAULT NULL,
  `isin` varchar(32) COLLATE utf8mb4_unicode_ci DEFAULT NULL,
  `dividendRate` decimal(10,4) DEFAULT NULL,
  `paymentFrequency` varchar(64) COLLATE utf8mb4_unicode_ci DEFAULT NULL,
  `coupon` decimal(10,4) DEFAULT NULL,
  `maturity` varchar(255) COLLATE utf8mb4_unicode_ci DEFAULT NULL,
  `conversionTriggers` varchar(255) COLLATE utf8mb4_unicode_ci DEFAULT NULL,
  `isYield` tinyint(1) DEFAULT '1',
  `secYield` decimal(10,4) DEFAULT NULL,
  `trailingDistributionRate` decimal(10,4) DEFAULT NULL,
  `venueType` enum('DeFi','CeFi','RWA') COLLATE utf8mb4_unicode_ci DEFAULT NULL,
  `supportedAsset` varchar(32) COLLATE utf8mb4_unicode_ci DEFAULT NULL,
  `chain` varchar(64) COLLATE utf8mb4_unicode_ci DEFAULT NULL,
  `userTier` varchar(64) COLLATE utf8mb4_unicode_ci DEFAULT NULL,
  `noticePeriod` varchar(128) COLLATE utf8mb4_unicode_ci DEFAULT NULL,
  `redemptionGates` varchar(255) COLLATE utf8mb4_unicode_ci DEFAULT NULL,
  `dailyLimit` varchar(128) COLLATE utf8mb4_unicode_ci DEFAULT NULL,
  `riskTags` json DEFAULT NULL,
  PRIMARY KEY (`id`)
) ENGINE=InnoDB DEFAULT CHARSET=utf8mb4 COLLATE=utf8mb4_unicode_ci;

DROP TABLE IF EXISTS `stablecoin_products`;
CREATE TABLE `stablecoin_products` (
  `id` varchar(191) COLLATE utf8mb4_unicode_ci NOT NULL,
  `issuer` varchar(255) COLLATE utf8mb4_unicode_ci NOT NULL,
  `product` varchar(512) COLLATE utf8mb4_unicode_ci NOT NULL,
  `apy` varchar(128) COLLATE utf8mb4_unicode_ci DEFAULT NULL,
  `duration` varchar(128) COLLATE utf8mb4_unicode_ci DEFAULT NULL,
  `collateral` varchar(255) COLLATE utf8mb4_unicode_ci DEFAULT NULL,
  `jurisdiction` varchar(255) COLLATE utf8mb4_unicode_ci DEFAULT NULL,
  `lockup` varchar(128) COLLATE utf8mb4_unicode_ci DEFAULT NULL,
  `seniority` varchar(255) COLLATE utf8mb4_unicode_ci DEFAULT NULL,
  `notes` text COLLATE utf8mb4_unicode_ci,
  `sources` varchar(512) COLLATE utf8mb4_unicode_ci DEFAULT NULL,
  `category` varchar(64) COLLATE utf8mb4_unicode_ci NOT NULL,
  `createdAt` timestamp(6) NOT NULL DEFAULT CURRENT_TIMESTAMP(6),
  `updatedAt` timestamp(6) NOT NULL,
  `qualityScore` int DEFAULT NULL,
  `qualityScoreBreakdown` text COLLATE utf8mb4_unicode_ci,
  PRIMARY KEY (`id`)
) ENGINE=InnoDB DEFAULT CHARSET=utf8mb4 COLLATE=utf8mb4_unicode_ci;

DROP TABLE IF EXISTS `suitability_reports`;
CREATE TABLE `suitability_reports` (
  `id` varchar(191) COLLATE utf8mb4_unicode_ci NOT NULL,
  `userId` varchar(255) COLLATE utf8mb4_unicode_ci NOT NULL,
  `incomePlanId` varchar(255) COLLATE utf8mb4_unicode_ci DEFAULT NULL,
  `reportType` enum('Suitability','Income','Risk') COLLATE utf8mb4_unicode_ci NOT NULL,
  `frozenData` json NOT NULL,
  `createdAt` timestamp(6) NOT NULL DEFAULT CURRENT_TIMESTAMP(6),
  PRIMARY KEY (`id`),
  KEY `suitability_reports_incomePlanId_fkey` (`incomePlanId`),
  CONSTRAINT `suitability_reports_incomePlanId_fkey` FOREIGN KEY (`incomePlanId`) REFERENCES `income_plans` (`id`) ON DELETE SET NULL ON UPDATE CASCADE
) ENGINE=InnoDB DEFAULT CHARSET=utf8mb4 COLLATE=utf8mb4_unicode_ci;

DROP TABLE IF EXISTS `usd_income_products`;
CREATE TABLE `usd_income_products` (
  `id` varchar(191) COLLATE utf8mb4_unicode_ci NOT NULL,
  `issuer` varchar(255) COLLATE utf8mb4_unicode_ci NOT NULL,
  `product` varchar(255) COLLATE utf8mb4_unicode_ci NOT NULL,
  `ticker` varchar(64) COLLATE utf8mb4_unicode_ci NOT NULL,
  `type` varchar(128) COLLATE utf8mb4_unicode_ci NOT NULL,
  `apyDistribution` varchar(255) COLLATE utf8mb4_unicode_ci DEFAULT NULL,
  `duration` varchar(128) COLLATE utf8mb4_unicode_ci DEFAULT NULL,
  `seniority` varchar(128) COLLATE utf8mb4_unicode_ci DEFAULT NULL,
  `simpleDescription` text COLLATE utf8mb4_unicode_ci,
  `availability` varchar(255) COLLATE utf8mb4_unicode_ci DEFAULT NULL,
  `btcLinkage` varchar(128) COLLATE utf8mb4_unicode_ci DEFAULT NULL,
  `keyRisks` text COLLATE utf8mb4_unicode_ci,
  `createdAt` timestamp(6) NOT NULL DEFAULT CURRENT_TIMESTAMP(6),
  `updatedAt` timestamp(6) NOT NULL,
  `hv30Pct` decimal(5,2) DEFAULT NULL,
  `qualityScore` int DEFAULT NULL,
  `qualityScoreBreakdown` text COLLATE utf8mb4_unicode_ci,
  PRIMARY KEY (`id`)
) ENGINE=InnoDB DEFAULT CHARSET=utf8mb4 COLLATE=utf8mb4_unicode_ci;

DROP TABLE IF EXISTS `users`;
CREATE TABLE `users` (
  `id` varchar(191) COLLATE utf8mb4_unicode_ci NOT NULL,
  `name` varchar(255) COLLATE utf8mb4_unicode_ci NOT NULL,
  `email` varchar(255) COLLATE utf8mb4_unicode_ci NOT NULL,
  `password` varchar(255) COLLATE utf8mb4_unicode_ci NOT NULL,
  `emailVerified` tinyint(1) NOT NULL DEFAULT '0',
  `verificationToken` varchar(255) COLLATE utf8mb4_unicode_ci DEFAULT NULL,
  `verificationTokenExpires` timestamp(6) NULL DEFAULT NULL,
  `createdAt` timestamp(6) NOT NULL DEFAULT CURRENT_TIMESTAMP(6),
  `updatedAt` timestamp(6) NOT NULL,
  `resetPasswordToken` varchar(255) COLLATE utf8mb4_unicode_ci DEFAULT NULL,
  `resetPasswordTokenExpires` timestamp(6) NULL DEFAULT NULL,
  PRIMARY KEY (`id`),
  UNIQUE KEY `users_email_key` (`email`)
) ENGINE=InnoDB DEFAULT CHARSET=utf8mb4 COLLATE=utf8mb4_unicode_ci;

INSERT INTO `bitcoin_backed_lenders` (`id`, `issuerProvider`, `productInstrument`, `apyCost`, `duration`, `collateral`, `jurisdiction`, `lockup`, `seniority`, `notes`, `sources`, `category`, `createdAt`, `updatedAt`) VALUES
('0337bf4a-2880-447d-b8fb-08bcccdeb150', 'BlockFi', 'BTC Loan', '9.75%', 'Termed', 'BTC', 'USA', 'None', 'Secured', 'LTV up to 50%', 'https://blockfi.com', 'CeFi & Hybrid', '2026-02-10 05:14:33.469000', '2026-02-10 05:14:33.469000'),
('17bae9b5-aaa2-4594-92d0-3c7b55d8e86a', 'Swissquote', 'Crypto Loan', '6,68%', 'Termed', 'BTC', 'Switzerland', 'Deal-specific', 'Secured', 'Private banking clients', 'https://en.swissquote.com', 'Regulated Banks', '2026-02-10 05:14:33.469000', '2026-02-10 07:35:25.933000'),
('20bc9a4f-f35d-4ef4-8b65-10aab4c9b64a', 'Ledn', 'BTC-backed Loan', '9.5%', 'Termed', 'BTC', 'Canada', 'None', 'Secured', 'LTV up to 50%', 'https://ledn.io', 'CeFi & Hybrid', '2026-02-10 05:14:33.469000', '2026-02-10 05:14:33.469000'),
('24b89e4b-3129-42e5-adc7-6ccfed74caad', 'Celsius Network', 'BTC Loan', '8.95%', 'Termed', 'BTC', 'USA', 'None', 'Secured', 'LTV up to 50%', 'https://celsius.network', 'CeFi & Hybrid', '2026-02-10 05:14:33.469000', '2026-02-10 05:14:33.469000'),
('61e0ebc2-df81-4102-89b7-d8aae6acb9f5', 'Abra', 'Bitcoin‑Backed Loans (Abra Borrow)', '6%', 'Termed / flexible', 'BTC', 'USA (entity‑dependent)', 'Termed', 'Secured', 'Availability varies by jurisdiction; confirm current program status.', 'https://www.abra.com/', 'On-Chain / DeFi', '2026-02-10 07:43:55.169000', '2026-02-10 07:43:55.169000'),
('72f2abfd-c678-46f7-ad40-8a58393f222b', 'Binance', 'Crypto Loan', '11%', 'Termed', 'BTC', 'Malta', 'None', 'Secured', 'LTV up to 65%', 'https://www.binance.com', 'CeFi & Hybrid', '2026-02-10 05:14:33.469000', '2026-02-10 05:14:33.469000'),
('81c19f9a-1d36-44d7-a3a1-d59873a82c7a', 'Crypto.com', 'BTC Credit', '8%', 'Revolving', 'BTC', 'Malta', 'None', 'Secured', 'LTV up to 50%', 'https://crypto.com', 'CeFi & Hybrid', '2026-02-10 05:14:33.469000', '2026-02-10 05:14:33.469000'),
('866ea39f-b8ac-418e-9f2c-7a13c3fe68fe', 'AMINA Bank', 'Crypto-Backed Loans', '10%', 'Termed / revolving', 'BTC', 'Switzerland', 'Termed', 'Secured', 'Regulated crypto bank offering BTC-backed loans.', 'https://aminagroup.com/products/crypto-backed-loans/', NULL, '2026-02-10 07:41:02.728000', '2026-02-10 07:41:02.728000'),
('8b782a87-da57-463c-a24c-38590670d9e7', 'CoinLoan', 'BTC Loan', '10.3%', 'Termed', 'BTC', 'Estonia', 'None', 'Secured', 'LTV up to 70%', 'https://coinloan.io', 'CeFi & Hybrid', '2026-02-10 05:14:33.469000', '2026-02-10 05:14:33.469000'),
('90f1862c-7b00-4da1-903e-f41741ee96a6', 'SALT Lending', 'BTC Loan', '11.95%', 'Termed', 'BTC', 'USA', 'None', 'Secured', 'LTV up to 70%', 'https://saltlending.com', 'CeFi & Hybrid', '2026-02-10 05:14:33.469000', '2026-02-10 05:14:33.469000'),
('a48c50ed-647a-4ef0-9525-b48b9dcadd06', 'Nexo', 'Instant Crypto Credit Line', '6.9%', 'On-demand', 'BTC', 'EU', 'None', 'Secured', 'LTV up to 50%, rehypothecation risk', 'https://nexo.io', 'CeFi & Hybrid', '2026-02-10 05:14:33.469000', '2026-02-10 05:14:33.469000'),
('c21059af-95fe-4987-833e-3184e9375689', 'Sygnum Bank', 'Crypto Lombard Loan', '9.5%', 'Termed / revolving', 'BTC', 'Switzerland', 'Termed', 'Secured', 'Explicit BTC Lombard lending', 'https://www.sygnum.com/products/credit/', NULL, '2026-02-10 07:39:27.718000', '2026-02-10 07:39:27.718000'),
('c3a523ef-bf93-4e73-906d-6e8569b5fd65', 'Unchained Capital', 'BTC Loan', '12.5%', 'Termed', 'BTC', 'USA', 'None', 'Secured', 'LTV up to 50%, multi-sig custody', 'https://unchained.com', 'CeFi & Hybrid', '2026-02-10 05:14:33.469000', '2026-02-10 05:14:33.469000'),
('e6ba162c-292d-481c-923e-de980c74b3b0', 'YouHodler', 'BTC Loan', '12%', 'Termed', 'BTC', 'EU', 'None', 'Secured', 'LTV up to 90%', 'https://youhodler.com', 'CeFi & Hybrid', '2026-02-10 05:14:33.469000', '2026-02-10 05:14:33.469000'),
('f3162b49-6441-4b64-8954-b76c69729953', 'Hodlnaut', 'BTC Loan', '10%', 'Termed', 'BTC', 'Singapore', 'None', 'Secured', 'LTV up to 70%', 'https://hodlnaut.com', 'CeFi & Hybrid', '2026-02-10 05:14:33.469000', '2026-02-10 05:14:33.469000');

INSERT INTO `crypto_lending_providers` (`id`, `provider`, `type`, `apyMin`, `apyMax`, `hv30Pct`, `liquidity`, `comment`, `createdAt`, `updatedAt`, `jurisdiction`) VALUES
('0979a175-6e8e-4de6-9a05-9ce118dbaeaf', 'Crypto.com', 'CeFi', 6.00, 10.00, 5.00, 'high', 'Offers a variety of financial services including lending.', '2026-02-06 08:16:10.152000', '2026-02-06 08:16:10.152000', 'Global'),
('12969168-1a47-436b-a9d9-3c63b09302b8', 'Nexo', 'CeFi', 8.00, 12.00, 7.00, 'high', 'Offers competitive interest rates on crypto deposits.', '2026-02-06 08:16:10.152000', '2026-02-06 08:16:10.152000', 'Global'),
('12a9139a-7906-4bab-9659-8867c317cb36', 'Binance', 'CeFi', 1.00, 8.00, 6.00, 'high', 'Leading exchange with lending services.', '2026-02-06 08:16:10.152000', '2026-02-06 08:16:10.152000', 'Global'),
('26525131-dfe7-42d4-bead-f87ed4d54a57', 'Celsius Network', 'CeFi', 4.00, 10.00, 5.00, 'high', 'Offers high yield on crypto deposits.', '2026-02-06 08:16:10.152000', '2026-02-06 08:16:10.152000', 'Global'),
('377bf636-9492-46b3-b8f2-a3b01f476ccd', 'Yearn Finance', 'DeFi', 2.00, 15.00, 9.00, 'medium', 'Automates yield farming strategies.', '2026-02-06 08:16:10.152000', '2026-02-06 08:16:10.152000', 'Global'),
('4d10e9da-908e-431f-bcc7-79191fa6aa20', 'BlockFi', 'CeFi', 6.00, 9.00, 5.00, 'medium', 'Well-known for crypto interest accounts.', '2026-02-06 08:16:10.152000', '2026-02-06 08:16:10.152000', 'US'),
('5cfaaa3d-34b1-4664-afc6-bceceb88ad75', 'Paxos', 'CeFi', 3.00, 5.00, NULL, 'medium', 'Offers stablecoin lending options.', '2026-02-06 08:16:10.152000', '2026-02-06 08:16:10.152000', 'US'),
('5f2db795-f5b5-4479-b8df-f0331494f4fe', 'dYdX', 'DeFi', 3.00, 20.00, 10.00, 'medium', 'Offers margin trading and lending.', '2026-02-06 08:16:10.152000', '2026-02-06 08:16:10.152000', 'Global'),
('87975130-be48-4530-b784-223e2210996c', 'Alchemix', 'DeFi', 2.00, 10.00, 7.00, 'medium', 'Self-repaying loans using future yield.', '2026-02-06 08:16:10.152000', '2026-02-06 08:16:10.152000', 'Global'),
('97a95892-e7d8-4634-93af-4911ac792240', 'SushiSwap', 'DeFi', 1.00, 12.00, 8.00, 'high', 'Decentralized exchange with lending features.', '2026-02-06 08:16:10.152000', '2026-02-06 08:16:10.152000', 'Global'),
('97fe35d8-7271-4ab5-9005-acd937b702c6', 'Aave', 'DeFi', 2.00, 12.00, 8.00, 'high', 'Decentralized lending platform with variable rates.', '2026-02-06 08:16:10.152000', '2026-02-06 08:16:10.152000', 'Global'),
('9a8154ff-4362-422e-bc4c-5843c2705eaf', 'MakerDAO', 'DeFi', 0.50, 8.00, 4.00, 'high', 'Pioneering DeFi lending platform.', '2026-02-06 08:16:10.152000', '2026-02-06 08:16:10.152000', 'Global'),
('a4250d1c-8239-4d99-948c-2b48c61b92ba', 'TrueFi', 'DeFi', 5.00, 12.00, 6.00, 'medium', 'Uncollateralized lending protocol.', '2026-02-06 08:16:10.152000', '2026-02-06 08:16:10.152000', 'Global'),
('b53de7e4-281d-4b38-93ba-e2275de15a6c', 'Gemini Earn', 'CeFi', 1.00, 7.00, 4.00, 'medium', 'Earn interest on crypto held in Gemini.', '2026-02-06 08:16:10.152000', '2026-02-06 08:16:10.152000', 'US'),
('c16f59f1-d159-4c7a-a6f0-3f31ade67a13', 'Celo', 'DeFi', 3.00, 10.00, 5.00, 'medium', 'Focuses on mobile-first lending solutions.', '2026-02-06 08:16:10.152000', '2026-02-06 08:16:10.152000', 'Global'),
('d0bb5a31-6498-4bb6-ad40-e6193f2c0af9', 'Compound', 'DeFi', 1.00, 10.00, 6.00, 'high', 'Popular DeFi protocol for lending and borrowing.', '2026-02-06 08:16:10.152000', '2026-02-06 08:16:10.152000', 'Global'),
('f599f927-34e5-4843-8e4b-ac4ad24aa2c1', 'Kava', 'DeFi', 4.00, 15.00, 9.00, 'medium', 'Cross-chain lending platform.', '2026-02-06 08:16:10.152000', '2026-02-06 08:16:10.152000', 'Global'),
('febc9164-56be-4f4c-a538-ced739722791', 'YouHodler', 'CeFi', 5.00, 12.00, 6.00, 'medium', 'Provides loans backed by crypto assets.', '2026-02-06 08:16:10.152000', '2026-02-06 08:16:10.152000', 'EU');

INSERT INTO `instrument_snapshots` (`id`, `instrumentId`, `asOf`, `apyMin`, `apyMax`, `rateType`, `apyLabelOverride`, `promoFlag`, `sourceUrl`, `createdAt`) VALUES
('0114cd72-b44e-4b4c-9935-8d55d7aa1e44', '87cf879b-3e28-4754-a58d-83cc559d4376', '2026-01-30 12:32:26.322000', 0.2778, 0.2778, 'Variable', NULL, 0, 'https://defillama.com/yields/pool/a87bbade-7728-43d9-bc23-2538812be3cc', '2026-01-30 12:32:26.442000'),
('013b4868-a445-4835-abe5-7966480852a1', 'ffbe0345-cba1-41f9-8ece-dbb15e147862', '2026-01-30 12:32:26.322000', 0.0000, 0.0000, 'Unknown', NULL, 0, 'https://defillama.com/yields/pool/5570b69e-8050-465b-8d09-ca0ef07da195', '2026-01-30 12:32:26.392000'),
('01caf5a1-cd31-45c3-8eaf-8768e13866d3', 'cf15f2e7-484b-405f-b238-520aab05c9b4', '2026-01-30 12:43:26.112000', 2.9477, 3.2255, 'Variable', NULL, 0, 'https://defillama.com/yields/pool/b55f43a8-f444-4cd8-a3a4-0a4e786ba566', '2026-01-30 12:43:26.262000'),
('039258fb-aa69-4e10-b9f9-65383f41b613', '6883104a-bdee-40cc-b0f5-f3236eebdbf7', '2026-01-30 12:43:26.112000', 2.9430, 3.2209, 'Variable', NULL, 0, 'https://defillama.com/yields/pool/a306885c-001e-4479-9ae8-459a56527bc1', '2026-01-30 12:43:26.372000'),
('05e36e06-a6a5-4370-b3d5-ce8323dfa16b', '06659d0f-a1a7-4021-8906-35f31f8985b2', '2026-01-30 12:43:26.112000', 0.0000, 0.0000, 'Variable', NULL, 0, 'https://defillama.com/yields/pool/569ab5a6-76e4-46a6-abb6-b12be4197e31', '2026-01-30 12:43:26.255000'),
('06adf12d-f135-4e7d-912f-dc1384c2af51', '3729987e-08bf-42d4-8d1d-d8dd65576c6d', '2026-01-30 12:32:26.322000', 0.4429, 0.4429, 'Variable', NULL, 0, 'https://defillama.com/yields/pool/5161838f-3c34-4827-b29d-c35b812373ab', '2026-01-30 12:32:26.639000'),
('0aa6df5a-fb91-42af-9bf4-f8fc02c5b355', '87cf879b-3e28-4754-a58d-83cc559d4376', '2026-01-30 12:32:26.322000', 0.0382, 0.0382, 'Variable', NULL, 0, 'https://defillama.com/yields/pool/d2d24eba-bfba-48a4-9963-85626142dd50', '2026-01-30 12:32:26.502000'),
('0b94c445-fb3a-4b75-8376-ae892ef58291', '87cf879b-3e28-4754-a58d-83cc559d4376', '2026-01-30 19:56:22.981000', 0.7500, 0.7500, 'Variable', NULL, 0, 'https://defillama.com/yields/pool/2720bc38-fde4-495b-bedb-04e8e4858c8f', '2026-01-30 19:56:23.248000'),
('0c53012c-70fb-4466-8b81-434afc0025b4', '87cf879b-3e28-4754-a58d-83cc559d4376', '2026-01-30 19:56:22.981000', 0.0937, 0.0937, 'Variable', NULL, 0, 'https://defillama.com/yields/pool/54a910fb-3018-40ff-a395-c8eda972e8b8', '2026-01-30 19:56:23.157000'),
('0c580093-6672-4b2d-a025-58840c81bbb0', 'd8d48bf6-deb2-4118-9858-e8c24ce3c8f6', '2026-01-30 12:32:26.322000', 5.2054, 5.2054, 'Variable', NULL, 0, 'https://defillama.com/yields/pool/15556ff2-3c81-4c6e-aecc-ec8238f3eff3', '2026-01-30 12:32:26.558000'),
('0e08518a-430a-46a6-90d2-e94911779420', '68a63196-4719-45cd-acd8-4b22b70139e8', '2026-01-30 12:43:26.112000', 4.0000, 4.0000, 'Variable', NULL, 0, 'https://defillama.com/yields/pool/c5c74dd1-995c-4445-9d84-3e710bad7d52', '2026-01-30 12:43:26.367000'),
('0fb32162-f259-44c2-a709-1865c9123ec5', 'd4efc028-f7c5-4290-a047-c2c0183b8a11', '2026-01-30 19:56:22.981000', 0.6321, 0.6321, 'Variable', NULL, 0, 'https://defillama.com/yields/pool/baee0253-eb6e-4a08-a579-a2acd4f034b2', '2026-01-30 19:56:23.333000'),
('10ac2131-6959-4600-bf28-95d6340a10f8', '87cf879b-3e28-4754-a58d-83cc559d4376', '2026-01-30 12:43:26.112000', 0.7500, 0.7500, 'Variable', NULL, 0, 'https://defillama.com/yields/pool/2720bc38-fde4-495b-bedb-04e8e4858c8f', '2026-01-30 12:43:26.338000'),
('117ca57a-993f-488e-87b6-e09f7f81ac90', 'edcc3cf8-790a-43e2-a331-32c6131eb523', '2026-02-06 18:54:07.343000', 0.0000, 0.0000, 'Fixed', NULL, 0, NULL, '2026-02-06 18:54:09.956000'),
('120f8a3e-ca51-4557-a423-2a86f04eaa60', '87cf879b-3e28-4754-a58d-83cc559d4376', '2026-01-30 12:32:26.322000', 0.7500, 0.7500, 'Variable', NULL, 0, 'https://defillama.com/yields/pool/2720bc38-fde4-495b-bedb-04e8e4858c8f', '2026-01-30 12:32:26.546000'),
('13986033-b8fb-4ad6-809c-72152fa736a0', '87cf879b-3e28-4754-a58d-83cc559d4376', '2026-01-30 19:56:22.981000', 0.1049, 0.1049, 'Variable', NULL, 0, 'https://defillama.com/yields/pool/e7973a06-67fe-41c8-906b-ee71a69a5a5a', '2026-01-30 19:56:23.268000'),
('1411cd13-7541-4518-9fcd-ff1ff959ff65', '87cf879b-3e28-4754-a58d-83cc559d4376', '2026-01-30 12:32:26.322000', 0.0977, 0.0977, 'Variable', NULL, 0, 'https://defillama.com/yields/pool/90da253a-4e33-45e3-bc22-dd3c38f82e17', '2026-01-30 12:32:26.496000'),
('1436f4cf-7080-473a-b7cf-dff80fb9ff76', '87cf879b-3e28-4754-a58d-83cc559d4376', '2026-01-30 12:32:26.322000', 0.1023, 0.1023, 'Variable', NULL, 0, 'https://defillama.com/yields/pool/e7973a06-67fe-41c8-906b-ee71a69a5a5a', '2026-01-30 12:32:26.569000'),
('1601ef9f-f2d6-4392-bfe6-e0a4dc28c264', '9329d580-f895-4d20-b840-945a4336624d', '2026-01-30 12:43:26.112000', 4.6675, 4.6675, 'Variable', NULL, 0, 'https://defillama.com/yields/pool/8edfdf02-cdbb-43f7-bca6-954e5fe56813', '2026-01-30 12:43:26.212000'),
('16b14a28-a1f8-494d-9ae8-72ad3996d3cf', '87cf879b-3e28-4754-a58d-83cc559d4376', '2026-01-30 12:47:20.993000', 0.0977, 0.0977, 'Variable', NULL, 0, 'https://defillama.com/yields/pool/90da253a-4e33-45e3-bc22-dd3c38f82e17', '2026-01-30 12:47:21.312000'),
('18a02664-2613-44c6-9c78-19c79923d1a8', '87cf879b-3e28-4754-a58d-83cc559d4376', '2026-01-30 12:47:20.993000', 0.0849, 0.0849, 'Variable', NULL, 0, 'https://defillama.com/yields/pool/11adaf47-24a3-4f15-a759-77d527f9b250', '2026-01-30 12:47:21.496000'),
('1a978a10-1f8e-4543-9635-510470aa9b64', '2b3ea2e6-2a8b-4d76-8ce8-aecffbaa6cfd', '2026-01-30 12:43:26.112000', 9.6411, 9.6411, 'Variable', NULL, 0, 'https://defillama.com/yields/pool/ae3397ed-1f0f-4aa4-ab62-44413ea8cd9e', '2026-01-30 12:43:26.472000'),
('1a981440-a55c-4f27-aac1-199e565d9317', '87cf879b-3e28-4754-a58d-83cc559d4376', '2026-01-30 12:43:26.112000', 0.4626, 0.4626, 'Variable', NULL, 0, 'https://defillama.com/yields/pool/c92476de-a72d-4cb0-9d5c-065cdb6853f3', '2026-01-30 12:43:26.438000'),
('1aa28a1c-36ab-4d0a-ad12-5a0c17146954', '68a63196-4719-45cd-acd8-4b22b70139e8', '2026-01-30 12:47:20.993000', 4.0000, 4.0000, 'Variable', NULL, 0, 'https://defillama.com/yields/pool/c5c74dd1-995c-4445-9d84-3e710bad7d52', '2026-01-30 12:47:21.405000'),
('1c2a99fd-a549-4084-a460-c234ea867b0f', '6ca6ac3f-5b4d-4570-94a7-64ec1149d632', '2026-01-30 12:43:26.112000', 4.3577, 4.4555, 'Variable', NULL, 0, 'https://defillama.com/yields/pool/e0672197-9f3e-4414-bca5-e6b4c90aa469', '2026-01-30 12:43:26.315000'),
('1d612c9d-50e8-4897-88d4-6dbaa2f5f3e5', '87cf879b-3e28-4754-a58d-83cc559d4376', '2026-01-30 19:56:22.981000', 0.2707, 0.2707, 'Variable', NULL, 0, 'https://defillama.com/yields/pool/2ba85eb4-5195-4486-a760-0b41920da2fe', '2026-01-30 19:56:23.294000'),
('1f6e4c29-9678-4e11-84f0-9329eca13a89', '112982a1-d316-43d8-b812-4e5a7847f3ed', '2026-01-30 12:47:20.993000', 0.0000, 0.0000, 'Variable', NULL, 0, 'https://defillama.com/yields/pool/974b8732-2dce-4a46-8204-7f9e6b7efb71', '2026-01-30 12:47:21.512000'),
('20ab81ff-1f54-46ae-a372-eee156736fb9', '3787e45a-54bd-4399-87b6-b49c3548c9a6', '2026-02-05 09:23:24.103000', 4.0000, 6.5000, 'Promo', NULL, 1, NULL, '2026-02-05 09:23:24.967000'),
('20acbe2e-53f2-4953-b092-2488f2aa13ed', '87cf879b-3e28-4754-a58d-83cc559d4376', '2026-01-30 12:32:26.322000', 0.2698, 0.2698, 'Variable', NULL, 0, 'https://defillama.com/yields/pool/2ba85eb4-5195-4486-a760-0b41920da2fe', '2026-01-30 12:32:26.585000'),
('220d0621-4996-4d18-826b-c9a21afb14bb', '824a7cfb-0b3d-4f58-b774-98376ee22d06', '2026-02-06 18:54:07.343000', NULL, NULL, 'QuoteBased', NULL, 0, NULL, '2026-02-06 18:54:09.917000'),
('225acb1c-a686-4f99-92f8-008cce31660d', '237718cf-0b69-4dfd-9a6e-c84293c97325', '2026-02-06 18:54:07.343000', 0.0000, 0.0000, 'Fixed', NULL, 0, NULL, '2026-02-06 18:54:09.963000'),
('2266ce70-5631-42a3-8a4d-a5d0917dc531', '3729987e-08bf-42d4-8d1d-d8dd65576c6d', '2026-01-30 19:56:22.981000', 0.4426, 0.4426, 'Variable', NULL, 0, 'https://defillama.com/yields/pool/5161838f-3c34-4827-b29d-c35b812373ab', '2026-01-30 19:56:23.352000'),
('2389cfcb-5b3c-43e2-aca0-3fbc3a6e41f2', 'ffbe0345-cba1-41f9-8ece-dbb15e147862', '2026-01-30 12:47:20.993000', 0.0000, 0.0000, 'Unknown', NULL, 0, 'https://defillama.com/yields/pool/5570b69e-8050-465b-8d09-ca0ef07da195', '2026-01-30 12:47:21.065000'),
('23f4450d-c407-49d5-9f47-6c53eaac68ae', 'cf15f2e7-484b-405f-b238-520aab05c9b4', '2026-01-30 12:43:26.112000', 4.3573, 4.4550, 'Variable', NULL, 0, 'https://defillama.com/yields/pool/7820bd3c-461a-4811-9f0b-1d39c1503c3f', '2026-01-30 12:43:26.249000'),
('2561434a-c431-4a9f-9c8f-ee4f25db2a4e', '29328cde-3ff5-459f-aefd-b6392d8a6015', '2026-02-05 09:23:24.103000', 0.0000, 0.0000, 'Fixed', NULL, 0, NULL, '2026-02-05 09:23:24.952000'),
('27a9073b-f90a-4866-a471-c91cdefcef55', '0a15c2e1-2780-4f87-8a55-95d06351a0df', '2026-02-06 18:54:07.343000', 3.5000, 5.2000, 'Variable', NULL, 0, NULL, '2026-02-06 18:54:09.980000'),
('2829531f-c021-4bdf-8493-539045311ef8', '0f46e75b-23ff-464a-bc28-3dd44dd6ac74', '2026-01-30 12:47:20.993000', 0.0000, 0.0000, 'Variable', NULL, 0, 'https://defillama.com/yields/pool/0b00e38e-f003-4cb1-ab1f-066d125ace7d', '2026-01-30 12:47:21.077000'),
('2b3fe587-792e-4579-af5b-a789ee1a57b7', '87cf879b-3e28-4754-a58d-83cc559d4376', '2026-01-30 12:32:26.322000', 0.1053, 0.1053, 'Variable', NULL, 0, 'https://defillama.com/yields/pool/99f0f74d-c525-4c2b-9b8f-a90cc2097475', '2026-01-30 12:32:26.481000'),
('2bc37ece-af39-4bce-8d16-ec5cfa96a8ab', 'f33b84e4-1712-47a2-9672-54370f34f671', '2026-01-30 19:56:22.981000', 0.2703, 0.2703, 'Variable', NULL, 0, 'https://defillama.com/yields/pool/63401123-2a09-47f9-80be-5a61f12370f8', '2026-01-30 19:56:23.187000'),
('2c09e563-a7d1-4df2-ac29-9ca6dc223097', '87cf879b-3e28-4754-a58d-83cc559d4376', '2026-01-30 19:56:22.981000', 0.0851, 0.0851, 'Variable', NULL, 0, 'https://defillama.com/yields/pool/11adaf47-24a3-4f15-a759-77d527f9b250', '2026-01-30 19:56:23.319000'),
('2cabf976-2e04-40a7-804f-2fecc9881adf', 'd3d677fe-0f4e-4a96-9b37-a011fd81b905', '2026-01-30 12:47:20.993000', 0.0000, 0.0000, 'Unknown', NULL, 0, 'https://defillama.com/yields/pool/635b3ad5-dd05-4a02-8512-ec3a08164600', '2026-01-30 12:47:21.541000'),
('2cc9c831-834b-4256-8a98-39cf324b5b0a', '112982a1-d316-43d8-b812-4e5a7847f3ed', '2026-01-30 12:43:26.112000', 0.0000, 0.0000, 'Variable', NULL, 0, 'https://defillama.com/yields/pool/974b8732-2dce-4a46-8204-7f9e6b7efb71', '2026-01-30 12:43:26.443000'),
('2da7d9d1-9545-41f6-9c10-fed1c89ceb78', '87cf879b-3e28-4754-a58d-83cc559d4376', '2026-01-30 12:43:26.112000', 0.2698, 0.2698, 'Variable', NULL, 0, 'https://defillama.com/yields/pool/2ba85eb4-5195-4486-a760-0b41920da2fe', '2026-01-30 12:43:26.384000'),
('2de71ae8-c1f2-49e4-9aac-0e15edb94a24', '3729987e-08bf-42d4-8d1d-d8dd65576c6d', '2026-01-30 12:43:26.112000', 0.1730, 0.1730, 'Variable', NULL, 0, 'https://defillama.com/yields/pool/a089d2f5-d150-458c-b1af-186dcb8374c4', '2026-01-30 12:43:26.456000'),
('2de7e6ec-6a3f-4801-9782-c6cbe6f57d69', '6ca6ac3f-5b4d-4570-94a7-64ec1149d632', '2026-01-30 12:47:20.993000', 4.3577, 4.4555, 'Variable', NULL, 0, 'https://defillama.com/yields/pool/e0672197-9f3e-4414-bca5-e6b4c90aa469', '2026-01-30 12:47:21.340000'),
('2f8b2209-a2eb-42bb-9e49-db8a739e8118', '9f742f8d-3a72-4ba7-a425-a515f94fb5ca', '2026-01-30 12:47:20.993000', 5.4390, 5.4390, 'Variable', NULL, 0, 'https://defillama.com/yields/pool/43641cf5-a92e-416b-bce9-27113d3c0db6', '2026-01-30 12:47:21.084000'),
('32dfdd5b-638e-4c7e-bee9-d4a4693f688f', '9f742f8d-3a72-4ba7-a425-a515f94fb5ca', '2026-01-30 12:14:17.401000', 5.4390, 5.4390, 'Variable', NULL, 0, 'https://defillama.com/yields/pool/43641cf5-a92e-416b-bce9-27113d3c0db6', '2026-01-30 12:14:17.521000'),
('32eeab5c-a244-467a-b9da-301af3407c79', '2a559ce8-7452-4708-9bc1-181aa475bd6b', '2026-02-05 09:23:24.103000', 5.0000, 7.0000, 'Variable', NULL, 0, NULL, '2026-02-05 09:23:24.970000'),
('332ad639-bbb3-4d87-9029-6b9eec47ba49', '87cf879b-3e28-4754-a58d-83cc559d4376', '2026-01-30 12:32:26.322000', 0.0977, 0.0977, 'Variable', NULL, 0, 'https://defillama.com/yields/pool/a4c57c86-8983-4b67-ba90-20e5c100d6cc', '2026-01-30 12:32:26.513000'),
('34819e08-0ade-4bde-96eb-edf4ba92e742', 'c74c30a4-5ab4-4a4f-b076-ba5602502fcb', '2026-01-30 19:56:22.981000', 0.0001, 0.0001, 'Variable', NULL, 0, 'https://defillama.com/yields/pool/25171c4c-1877-449a-9f88-45a9f153ee31', '2026-01-30 19:56:23.303000'),
('35630574-5aa6-4071-bf4a-0b2bce963d3a', '2970f8fa-1a31-4c37-a4a5-1056a7805275', '2026-01-30 19:56:22.981000', 4.3100, 5.1800, 'Variable', NULL, 0, 'https://defillama.com/yields/pool/4438dabc-7f0c-430b-8136-2722711ae663', '2026-01-30 19:56:23.212000'),
('387311f2-61fd-41e9-8150-d7b7ba4ec378', '6ca6ac3f-5b4d-4570-94a7-64ec1149d632', '2026-01-30 19:56:22.981000', 4.3633, 4.4589, 'Variable', NULL, 0, 'https://defillama.com/yields/pool/e0672197-9f3e-4414-bca5-e6b4c90aa469', '2026-01-30 19:56:23.239000'),
('38bbe807-2a6d-4097-8a4e-40a7fcba561c', '87cf879b-3e28-4754-a58d-83cc559d4376', '2026-01-30 19:56:22.981000', 0.0942, 0.0942, 'Variable', NULL, 0, 'https://defillama.com/yields/pool/90da253a-4e33-45e3-bc22-dd3c38f82e17', '2026-01-30 19:56:23.208000'),
('39040519-0d47-4dce-a062-d6ec19fff0f7', '87cf879b-3e28-4754-a58d-83cc559d4376', '2026-01-30 12:43:26.112000', 0.4594, 0.4594, 'Variable', NULL, 0, 'https://defillama.com/yields/pool/811da684-855f-434f-9bfd-52679f9707b9', '2026-01-30 12:43:26.326000'),
('39174919-b60a-4f4d-b9dd-54e85308eaed', '174c7dae-86b3-4e3e-9279-53b9b1c06b48', '2026-01-30 12:32:26.322000', 2.8900, 3.4167, 'Variable', NULL, 0, 'https://defillama.com/yields/pool/ded5a855-23c1-459d-8390-ba2707fac7c5', '2026-01-30 12:32:26.650000'),
('3946877c-612d-4ab4-9741-fc42f57a060d', '87cf879b-3e28-4754-a58d-83cc559d4376', '2026-01-30 12:43:26.112000', 0.2778, 0.2778, 'Variable', NULL, 0, 'https://defillama.com/yields/pool/a87bbade-7728-43d9-bc23-2538812be3cc', '2026-01-30 12:43:26.229000'),
('3c39e848-eb13-4c4d-afc3-deff26fb5bf2', '68a63196-4719-45cd-acd8-4b22b70139e8', '2026-01-30 12:32:26.322000', 4.0000, 4.0000, 'Variable', NULL, 0, 'https://defillama.com/yields/pool/e96cbd55-a0a0-446a-89ba-ada6e2991d50', '2026-01-30 12:32:26.599000'),
('3d38082f-1cc9-4c9d-9f51-486bed54874d', '87cf879b-3e28-4754-a58d-83cc559d4376', '2026-01-30 19:56:22.981000', 0.0937, 0.0937, 'Variable', NULL, 0, 'https://defillama.com/yields/pool/1d026471-1646-4319-b542-828d615f05e0', '2026-01-30 19:56:23.130000'),
('3d3a8da6-0195-4e35-bb57-cb03f0df3fd7', '6ca6ac3f-5b4d-4570-94a7-64ec1149d632', '2026-01-30 12:32:26.322000', 4.3577, 4.4555, 'Variable', NULL, 0, 'https://defillama.com/yields/pool/e0672197-9f3e-4414-bca5-e6b4c90aa469', '2026-01-30 12:32:26.525000'),
('3d603a79-69b2-4efa-b145-548ea2f12da8', 'cf15f2e7-484b-405f-b238-520aab05c9b4', '2026-01-30 19:56:22.981000', 4.3632, 4.4588, 'Variable', NULL, 0, 'https://defillama.com/yields/pool/7820bd3c-461a-4811-9f0b-1d39c1503c3f', '2026-01-30 19:56:23.166000'),
('3eb8fb77-89ba-49cb-97ee-dd4aa06080b0', '87cf879b-3e28-4754-a58d-83cc559d4376', '2026-01-30 12:43:26.112000', 0.0382, 0.0382, 'Variable', NULL, 0, 'https://defillama.com/yields/pool/d2d24eba-bfba-48a4-9963-85626142dd50', '2026-01-30 12:43:26.295000'),
('40965808-e25e-4292-a21c-363b51a56081', '61b05f27-b3eb-49a4-9bc9-a8928207f3d1', '2026-01-30 12:43:26.112000', 1.2500, 1.2500, 'Variable', NULL, 0, 'https://defillama.com/yields/pool/c8a24fee-ec00-4f38-86c0-9f6daebc4225', '2026-01-30 12:43:26.332000'),
('41e01835-5dc8-4480-872b-636a709e9874', '174c7dae-86b3-4e3e-9279-53b9b1c06b48', '2026-01-30 12:43:26.112000', 2.8900, 3.4167, 'Variable', NULL, 0, 'https://defillama.com/yields/pool/ded5a855-23c1-459d-8390-ba2707fac7c5', '2026-01-30 12:43:26.461000'),
('4269bb4c-f107-42b0-8070-e0704ef33693', '87cf879b-3e28-4754-a58d-83cc559d4376', '2026-01-30 19:56:22.981000', 0.4576, 0.4576, 'Variable', NULL, 0, 'https://defillama.com/yields/pool/811da684-855f-434f-9bfd-52679f9707b9', '2026-01-30 19:56:23.244000'),
('42924e2b-2961-480d-bc2d-533e5d2273af', '0f46e75b-23ff-464a-bc28-3dd44dd6ac74', '2026-01-30 12:32:26.322000', 0.0000, 0.0000, 'Variable', NULL, 0, 'https://defillama.com/yields/pool/0b00e38e-f003-4cb1-ab1f-066d125ace7d', '2026-01-30 12:32:26.405000'),
('442b6c7a-ed34-4866-9e2a-7fa49518cf19', '87cf879b-3e28-4754-a58d-83cc559d4376', '2026-01-30 12:43:26.112000', 0.0977, 0.0977, 'Variable', NULL, 0, 'https://defillama.com/yields/pool/a4c57c86-8983-4b67-ba90-20e5c100d6cc', '2026-01-30 12:43:26.305000'),
('44b512ec-1e47-447e-92e2-b7ee22a0b461', 'd8d48bf6-deb2-4118-9858-e8c24ce3c8f6', '2026-01-30 19:56:22.981000', 4.9133, 4.9133, 'Variable', NULL, 0, 'https://defillama.com/yields/pool/15556ff2-3c81-4c6e-aecc-ec8238f3eff3', '2026-01-30 19:56:23.278000'),
('45a13dd9-802e-4ecc-a8bb-4a1628ae3af4', '87cf879b-3e28-4754-a58d-83cc559d4376', '2026-01-30 19:56:22.981000', 0.0936, 0.0936, 'Variable', NULL, 0, 'https://defillama.com/yields/pool/a4c57c86-8983-4b67-ba90-20e5c100d6cc', '2026-01-30 19:56:23.218000'),
('45c076e4-292c-489f-b54e-3a81ba618e63', '6c380bdd-6412-4451-bc25-5654e6039f49', '2026-01-30 12:47:20.993000', 4.0000, 4.0000, 'Variable', NULL, 0, 'https://defillama.com/yields/pool/a5d67f7e-5b51-4a9d-969d-caf051a7f5a4', '2026-01-30 12:47:21.486000'),
('4893fc77-023f-433c-8f33-2641dea51144', '3801cde4-7d74-44d4-93a3-6a0f551e1aaf', '2026-01-30 12:32:26.322000', 2.7208, 2.7208, 'Variable', NULL, 0, 'https://defillama.com/yields/pool/f981a304-bb6c-45b8-b0c5-fd2f515ad23a', '2026-01-30 12:32:26.429000'),
('496dc4b0-9832-42c3-95ee-1984a1078c78', '87cf879b-3e28-4754-a58d-83cc559d4376', '2026-01-30 12:47:20.993000', 0.7500, 0.7500, 'Variable', NULL, 0, 'https://defillama.com/yields/pool/2720bc38-fde4-495b-bedb-04e8e4858c8f', '2026-01-30 12:47:21.364000'),
('4a0b640e-c0d1-4019-9ffd-607930f9a641', '3785e23d-bcaf-44fd-b0fa-bd238f2bb7b2', '2026-02-05 09:23:24.103000', 11.9000, 11.9000, 'Fixed', NULL, 0, NULL, '2026-02-05 09:23:24.894000'),
('4b61a062-db2e-4113-ae95-dd788dfdd949', '87cf879b-3e28-4754-a58d-83cc559d4376', '2026-01-30 12:47:20.993000', 0.1023, 0.1023, 'Variable', NULL, 0, 'https://defillama.com/yields/pool/e7973a06-67fe-41c8-906b-ee71a69a5a5a', '2026-01-30 12:47:21.399000'),
('4b7b682a-5129-4b05-99b8-21c40a7ee73e', 'cf15f2e7-484b-405f-b238-520aab05c9b4', '2026-01-30 19:56:22.981000', 3.2885, 3.5658, 'Variable', NULL, 0, 'https://defillama.com/yields/pool/b55f43a8-f444-4cd8-a3a4-0a4e786ba566', '2026-01-30 19:56:23.193000'),
('4bc31849-6289-4942-acf6-03d3d3c5d865', '174c7dae-86b3-4e3e-9279-53b9b1c06b48', '2026-01-30 12:47:20.993000', 2.8900, 3.4167, 'Variable', NULL, 0, 'https://defillama.com/yields/pool/ded5a855-23c1-459d-8390-ba2707fac7c5', '2026-01-30 12:47:21.527000'),
('4c7b7d48-e62c-4473-b18f-d064df20b8f4', '34a32591-f83b-429a-b7ca-b502f80aa161', '2026-01-30 12:43:26.112000', 4.5636, 4.5636, 'Variable', NULL, 0, 'https://defillama.com/yields/pool/aa70268e-4b52-42bf-a116-608b370f9501', '2026-01-30 12:43:26.320000'),
('4d16828d-38ec-4529-b332-6568cd95f4c2', '0010a60a-8a34-480b-a5b4-fdb60fe32bbc', '2026-02-06 18:54:07.343000', NULL, NULL, 'QuoteBased', NULL, 0, NULL, '2026-02-06 18:54:09.927000'),
('4d576788-1cc3-4f1b-8bdf-2e0de0b1c8f4', '87cf879b-3e28-4754-a58d-83cc559d4376', '2026-01-30 12:47:20.993000', 0.1053, 0.1053, 'Variable', NULL, 0, 'https://defillama.com/yields/pool/99f0f74d-c525-4c2b-9b8f-a90cc2097475', '2026-01-30 12:47:21.299000'),
('4e59f750-b40c-4e86-9cc8-3adff0e862a2', '8e309a3d-8d04-43a9-9b7f-8121374de4c8', '2026-02-06 18:54:07.343000', 5.0000, 7.0000, 'Variable', NULL, 0, NULL, '2026-02-06 18:54:10.091000'),
('4fc9a473-6763-4207-8a10-d35951b90489', '346fdefc-715d-4728-b45f-f49045eba776', '2026-02-06 18:54:07.343000', 3.0000, 6.0000, 'Variable', NULL, 0, NULL, '2026-02-06 18:54:09.974000'),
('506da7c8-32f9-432a-b637-773dffe9347c', '112982a1-d316-43d8-b812-4e5a7847f3ed', '2026-01-30 19:56:22.981000', 0.0000, 0.0000, 'Variable', NULL, 0, 'https://defillama.com/yields/pool/974b8732-2dce-4a46-8204-7f9e6b7efb71', '2026-01-30 19:56:23.342000'),
('51bc4e71-1d89-4b2d-8800-3ebdc5964a3c', '87cf879b-3e28-4754-a58d-83cc559d4376', '2026-01-30 12:47:20.993000', 0.1052, 0.1052, 'Variable', NULL, 0, 'https://defillama.com/yields/pool/59e8a5a4-38a6-4707-bce7-096dbec62f0e', '2026-01-30 12:47:21.465000'),
('51f0f524-e5ab-43c0-b906-90dd887ee7d6', '0f46e75b-23ff-464a-bc28-3dd44dd6ac74', '2026-01-30 12:14:17.401000', 0.0000, 0.0000, 'Variable', NULL, 0, 'https://defillama.com/yields/pool/0b00e38e-f003-4cb1-ab1f-066d125ace7d', '2026-01-30 12:14:17.504000'),
('5510b846-f4a6-4b93-bedc-7f298d4d8efb', '8d71c4b2-2604-40ee-8576-e9e5540578ab', '2026-01-30 12:32:26.322000', 2.1700, 3.9200, 'Variable', NULL, 0, 'https://defillama.com/yields/pool/4e8cc592-c8d5-4824-8155-128ba521e903', '2026-01-30 12:32:26.554000'),
('553b98b7-8f17-4d63-9226-b4d0ebbd12b6', '87cf879b-3e28-4754-a58d-83cc559d4376', '2026-01-30 12:47:20.993000', 0.0977, 0.0977, 'Variable', NULL, 0, 'https://defillama.com/yields/pool/54a910fb-3018-40ff-a395-c8eda972e8b8', '2026-01-30 12:47:21.269000'),
('56e27ceb-8dbf-409a-aaab-bd2c6fe3973e', '6883104a-bdee-40cc-b0f5-f3236eebdbf7', '2026-01-30 12:47:20.993000', 2.9430, 3.2209, 'Variable', NULL, 0, 'https://defillama.com/yields/pool/a306885c-001e-4479-9ae8-459a56527bc1', '2026-01-30 12:47:21.412000'),
('5726abdd-2e7c-4cca-959c-71112a21d8ac', '8d4a3e88-029f-4da6-9fef-8497565198a6', '2026-02-05 09:23:24.103000', 8.0000, 8.0000, 'Fixed', NULL, 0, NULL, '2026-02-05 09:23:24.939000'),
('57db9be6-0653-4a86-90d3-c0222d270acc', 'ffbe0345-cba1-41f9-8ece-dbb15e147862', '2026-01-30 12:43:26.112000', 0.0000, 0.0000, 'Unknown', NULL, 0, 'https://defillama.com/yields/pool/5570b69e-8050-465b-8d09-ca0ef07da195', '2026-01-30 12:43:26.184000'),
('580cbcb2-43a9-49ab-8be7-a294432f531e', '3729987e-08bf-42d4-8d1d-d8dd65576c6d', '2026-01-30 12:43:26.112000', 0.5267, 0.5267, 'Variable', NULL, 0, 'https://defillama.com/yields/pool/dd8e780e-424b-4ef5-b5ca-4e3fa483e086', '2026-01-30 12:43:26.343000'),
('58fa616b-3272-4fad-90a6-34b90e011410', 'ffbe0345-cba1-41f9-8ece-dbb15e147862', '2026-01-30 19:56:22.981000', 0.0000, 0.0000, 'Unknown', NULL, 0, 'https://defillama.com/yields/pool/5570b69e-8050-465b-8d09-ca0ef07da195', '2026-01-30 19:56:23.081000'),
('5a706549-3f00-42c1-88c4-f528096352f6', 'd3d677fe-0f4e-4a96-9b37-a011fd81b905', '2026-01-30 12:32:26.322000', 0.0000, 0.0000, 'Unknown', NULL, 0, 'https://defillama.com/yields/pool/635b3ad5-dd05-4a02-8512-ec3a08164600', '2026-01-30 12:32:26.663000'),
('5aae2acc-b95a-4d82-bc28-35811fc0b5c1', '6883104a-bdee-40cc-b0f5-f3236eebdbf7', '2026-01-30 19:56:22.981000', 3.2875, 3.5648, 'Variable', NULL, 0, 'https://defillama.com/yields/pool/a306885c-001e-4479-9ae8-459a56527bc1', '2026-01-30 19:56:23.298000'),
('5c93d32f-9096-4961-a479-3054387b64d1', 'c74c30a4-5ab4-4a4f-b076-ba5602502fcb', '2026-01-30 12:32:26.322000', 0.0001, 0.0001, 'Variable', NULL, 0, 'https://defillama.com/yields/pool/25171c4c-1877-449a-9f88-45a9f153ee31', '2026-01-30 12:32:26.594000'),
('5d0db48b-57b1-4338-b4ad-362f66ab2092', '2970f8fa-1a31-4c37-a4a5-1056a7805275', '2026-01-30 12:47:20.993000', 5.4000, 6.2700, 'Variable', NULL, 0, 'https://defillama.com/yields/pool/4438dabc-7f0c-430b-8136-2722711ae663', '2026-01-30 12:47:21.307000'),
('5e02893a-af7b-4cda-9112-648408eceaa4', '87cf879b-3e28-4754-a58d-83cc559d4376', '2026-01-30 12:43:26.112000', 0.0382, 0.0382, 'Variable', NULL, 0, 'https://defillama.com/yields/pool/ba5de0c1-a4b0-42a9-9084-35d9742db180', '2026-01-30 12:43:26.237000'),
('5f2995a3-dc72-44c2-8dd5-e6fc71c5546b', '8d71c4b2-2604-40ee-8576-e9e5540578ab', '2026-01-30 12:47:20.993000', 2.1700, 3.9200, 'Variable', NULL, 0, 'https://defillama.com/yields/pool/4e8cc592-c8d5-4824-8155-128ba521e903', '2026-01-30 12:47:21.380000'),
('5facfbc4-6d30-4b12-bf4c-82ea16ff787e', '97d77942-3b86-476c-a6fd-a5527a0194d5', '2026-01-30 12:43:26.112000', 0.1243, 0.1243, 'Variable', NULL, 0, 'https://defillama.com/yields/pool/05d0b144-35ae-4d5d-b8a9-809494265c1c', '2026-01-30 12:43:26.411000'),
('6175e1c5-0942-42fe-adc7-03ce25a7070d', '97d77942-3b86-476c-a6fd-a5527a0194d5', '2026-01-30 12:47:20.993000', 0.1243, 0.1243, 'Variable', NULL, 0, 'https://defillama.com/yields/pool/05d0b144-35ae-4d5d-b8a9-809494265c1c', '2026-01-30 12:47:21.491000'),
('62422183-5f04-4d24-a169-cf59ccb33bd6', '3729987e-08bf-42d4-8d1d-d8dd65576c6d', '2026-01-30 12:47:20.993000', 0.4429, 0.4429, 'Variable', NULL, 0, 'https://defillama.com/yields/pool/5161838f-3c34-4827-b29d-c35b812373ab', '2026-01-30 12:47:21.518000'),
('62a4fc57-5297-4616-8fb4-8891c31b7cd5', '87cf879b-3e28-4754-a58d-83cc559d4376', '2026-01-30 12:47:20.993000', 0.0382, 0.0382, 'Variable', NULL, 0, 'https://defillama.com/yields/pool/ba5de0c1-a4b0-42a9-9084-35d9742db180', '2026-01-30 12:47:21.222000'),
('671586cd-ac40-4814-be16-f412ef69843e', '06659d0f-a1a7-4021-8906-35f31f8985b2', '2026-01-30 19:56:22.981000', 0.0000, 0.0000, 'Variable', NULL, 0, 'https://defillama.com/yields/pool/569ab5a6-76e4-46a6-abb6-b12be4197e31', '2026-01-30 19:56:23.174000'),
('6797c41b-de31-41bf-8af7-37498f9414b0', 'e8207be4-f0da-4f34-b37e-2f8d66f183ba', '2026-02-05 09:23:24.103000', NULL, NULL, 'Unknown', NULL, 0, NULL, '2026-02-05 09:23:24.955000'),
('68763d2a-2972-4fc7-bdb6-764ceb8b7929', '3729987e-08bf-42d4-8d1d-d8dd65576c6d', '2026-01-30 19:56:22.981000', 0.5272, 0.5272, 'Variable', NULL, 0, 'https://defillama.com/yields/pool/dd8e780e-424b-4ef5-b5ca-4e3fa483e086', '2026-01-30 19:56:23.258000'),
('68a80d2a-4955-4f1b-81ae-63967b6ecfc7', 'b6ccf06f-ef78-4fc9-a011-4c5f0bec90e3', '2026-01-30 19:56:22.981000', 64.9764, 64.9764, 'Unknown', NULL, 0, 'https://defillama.com/yields/pool/fc9f488e-8183-416f-a61e-4e5c571d4395', '2026-01-30 19:56:23.363000'),
('6cbf5014-fe94-44d5-8fdb-7104690eb081', '97d77942-3b86-476c-a6fd-a5527a0194d5', '2026-01-30 12:32:26.322000', 0.1243, 0.1243, 'Variable', NULL, 0, 'https://defillama.com/yields/pool/05d0b144-35ae-4d5d-b8a9-809494265c1c', '2026-01-30 12:32:26.609000'),
('6ddb4e88-a430-46ab-914a-1decf5b1cd8d', '89410cfd-6e32-41ef-8f01-f1acdb45c1fc', '2026-02-05 09:23:24.103000', NULL, NULL, 'QuoteBased', NULL, 0, NULL, '2026-02-05 09:23:24.912000'),
('6e1cd9c2-29b8-4b5c-990b-5c1e56a0c571', 'f2e3cbdd-94ba-48de-85b5-8528b1f8e607', '2026-02-05 09:23:24.103000', NULL, NULL, 'Variable', NULL, 0, NULL, '2026-02-05 09:23:24.924000'),
('6ea2f7ab-4683-45cc-a56f-73b26124230b', '5fdc889e-d68f-4c1e-8ab2-0629cfc5305d', '2026-02-06 18:54:07.343000', NULL, NULL, 'QuoteBased', NULL, 0, NULL, '2026-02-06 18:54:09.886000'),
('6f1a151a-3d8d-40a7-b19d-018e25e25fba', '3729987e-08bf-42d4-8d1d-d8dd65576c6d', '2026-01-30 19:56:22.981000', 0.1729, 0.1729, 'Variable', NULL, 0, 'https://defillama.com/yields/pool/a089d2f5-d150-458c-b1af-186dcb8374c4', '2026-01-30 19:56:23.348000'),
('6fc54476-cd69-405d-9b99-9f423d5461a5', '2b3ea2e6-2a8b-4d76-8ce8-aecffbaa6cfd', '2026-01-30 12:32:26.322000', 9.6411, 9.6411, 'Variable', NULL, 0, 'https://defillama.com/yields/pool/ae3397ed-1f0f-4aa4-ab62-44413ea8cd9e', '2026-01-30 12:32:26.658000'),
('70169107-2a2c-4971-b12c-4f411a505390', '9f742f8d-3a72-4ba7-a425-a515f94fb5ca', '2026-01-30 12:32:26.322000', 5.4390, 5.4390, 'Variable', NULL, 0, 'https://defillama.com/yields/pool/43641cf5-a92e-416b-bce9-27113d3c0db6', '2026-01-30 12:32:26.414000'),
('7042d8f3-a243-4afe-bb0e-361770380b9f', '3801cde4-7d74-44d4-93a3-6a0f551e1aaf', '2026-01-30 12:43:26.112000', 2.7208, 2.7208, 'Variable', NULL, 0, 'https://defillama.com/yields/pool/f981a304-bb6c-45b8-b0c5-fd2f515ad23a', '2026-01-30 12:43:26.218000'),
('70b20525-5c06-4a8d-aeee-ffe6e6420a0d', '87cf879b-3e28-4754-a58d-83cc559d4376', '2026-01-30 12:32:26.322000', 0.0382, 0.0382, 'Variable', NULL, 0, 'https://defillama.com/yields/pool/ba5de0c1-a4b0-42a9-9084-35d9742db180', '2026-01-30 12:32:26.448000'),
('716b39ef-51e0-4ad1-ac9c-cba80b3a5cb3', 'df57a3c7-0729-4368-9576-d4b4c04ea3dd', '2026-02-05 09:23:24.103000', 1.0000, NULL, 'Fixed', NULL, 0, NULL, '2026-02-05 09:23:24.908000'),
('7302f514-d928-4e65-be52-1c91f510aaf0', '87cf879b-3e28-4754-a58d-83cc559d4376', '2026-01-30 12:47:20.993000', 0.0382, 0.0382, 'Variable', NULL, 0, 'https://defillama.com/yields/pool/987e8588-51d6-4e26-876f-fd484ac91ab7', '2026-01-30 12:47:21.333000'),
('749d6613-cb75-4326-8286-9adc34004c11', '9f742f8d-3a72-4ba7-a425-a515f94fb5ca', '2026-01-30 12:43:26.112000', 5.4390, 5.4390, 'Variable', NULL, 0, 'https://defillama.com/yields/pool/43641cf5-a92e-416b-bce9-27113d3c0db6', '2026-01-30 12:43:26.203000'),
('74c26e6a-e767-43d5-8267-3b8623e6c84d', '06659d0f-a1a7-4021-8906-35f31f8985b2', '2026-01-30 19:56:22.981000', 0.0000, 0.0000, 'Variable', NULL, 0, 'https://defillama.com/yields/pool/a79fdd93-2747-43ee-bf53-0c372192964d', '2026-01-30 19:56:23.323000'),
('74e01f00-1baa-432a-add1-ddd65e78f9bc', 'a6d134f3-ddbb-4815-97a9-e368b53cd164', '2026-02-06 18:54:07.343000', 8.0000, 8.0000, 'Fixed', NULL, 0, NULL, '2026-02-06 18:54:09.934000'),
('753be550-3280-44bf-9983-b459a3094c9a', '87cf879b-3e28-4754-a58d-83cc559d4376', '2026-01-30 19:56:22.981000', 0.0369, 0.0369, 'Variable', NULL, 0, 'https://defillama.com/yields/pool/d2d24eba-bfba-48a4-9963-85626142dd50', '2026-01-30 19:56:23.203000'),
('75aa7d10-3431-45d0-ac40-dca9e27aa02b', '87cf879b-3e28-4754-a58d-83cc559d4376', '2026-01-30 12:43:26.112000', 0.0977, 0.0977, 'Variable', NULL, 0, 'https://defillama.com/yields/pool/1d026471-1646-4319-b542-828d615f05e0', '2026-01-30 12:43:26.223000'),
('75ae0977-c4e0-4c44-9d89-6b9302d12567', '9329d580-f895-4d20-b840-945a4336624d', '2026-01-30 12:47:20.993000', 4.6675, 4.6675, 'Variable', NULL, 0, 'https://defillama.com/yields/pool/8edfdf02-cdbb-43f7-bca6-954e5fe56813', '2026-01-30 12:47:21.091000'),
('778849f5-01de-42cc-8127-d094b948eb8a', '61b05f27-b3eb-49a4-9bc9-a8928207f3d1', '2026-01-30 12:47:20.993000', 1.2500, 1.2500, 'Variable', NULL, 0, 'https://defillama.com/yields/pool/c8a24fee-ec00-4f38-86c0-9f6daebc4225', '2026-01-30 12:47:21.358000'),
('77bc2956-ad7d-49e9-9070-c3a91b585997', 'f33b84e4-1712-47a2-9672-54370f34f671', '2026-01-30 12:47:20.993000', 0.2699, 0.2699, 'Variable', NULL, 0, 'https://defillama.com/yields/pool/63401123-2a09-47f9-80be-5a61f12370f8', '2026-01-30 12:47:21.292000'),
('77db2d86-478d-4232-a30f-9a2160f86c90', '8d71c4b2-2604-40ee-8576-e9e5540578ab', '2026-01-30 12:43:26.112000', 2.1700, 3.9200, 'Variable', NULL, 0, 'https://defillama.com/yields/pool/4e8cc592-c8d5-4824-8155-128ba521e903', '2026-01-30 12:43:26.349000'),
('77ecc9ef-0349-4b0d-a91b-c5fce0e25cb2', 'cfd28f93-c4ad-40ff-933c-26023cb9f991', '2026-02-06 18:54:07.343000', 9.9500, 14.4500, 'Variable', NULL, 0, NULL, '2026-02-06 18:54:09.874000'),
('7a76de5f-5e5f-41e6-963f-0327b25767fa', '3801cde4-7d74-44d4-93a3-6a0f551e1aaf', '2026-01-30 12:47:20.993000', 2.7208, 2.7208, 'Variable', NULL, 0, 'https://defillama.com/yields/pool/f981a304-bb6c-45b8-b0c5-fd2f515ad23a', '2026-01-30 12:47:21.098000'),
('7b5447ec-68a4-4647-863b-e82cba7345b7', '87cf879b-3e28-4754-a58d-83cc559d4376', '2026-01-30 12:32:26.322000', 0.0977, 0.0977, 'Variable', NULL, 0, 'https://defillama.com/yields/pool/54a910fb-3018-40ff-a395-c8eda972e8b8', '2026-01-30 12:32:26.455000'),
('7b6375bb-4154-41b1-9748-d088b17023c9', '7567cd41-d13f-4490-b383-6c9164308410', '2026-02-06 18:54:07.343000', NULL, NULL, 'QuoteBased', NULL, 0, NULL, '2026-02-06 18:54:09.912000'),
('7ba9ea8c-780a-411a-bc2f-f337ee7ed9e2', 'a59ae748-e00c-4c6c-863f-35712aead2bc', '2026-01-30 12:43:26.112000', 3.3363, 3.3363, 'Variable', NULL, 0, 'https://defillama.com/yields/pool/e338c687-a5d8-4abf-bc04-127990811b0a', '2026-01-30 12:43:26.278000'),
('7d7b117e-d930-40dd-91b6-ec7894568158', 'cf15f2e7-484b-405f-b238-520aab05c9b4', '2026-01-30 12:32:26.322000', 2.9477, 3.2255, 'Variable', NULL, 0, 'https://defillama.com/yields/pool/b55f43a8-f444-4cd8-a3a4-0a4e786ba566', '2026-01-30 12:32:26.471000'),
('7db70dd5-143b-4084-ab57-daa0f1067181', '87cf879b-3e28-4754-a58d-83cc559d4376', '2026-01-30 19:56:22.981000', 0.2778, 0.2778, 'Variable', NULL, 0, 'https://defillama.com/yields/pool/a87bbade-7728-43d9-bc23-2538812be3cc', '2026-01-30 19:56:23.138000'),
('7dcc918d-8e51-4484-989c-18ae2e38967f', 'd4efc028-f7c5-4290-a047-c2c0183b8a11', '2026-01-30 12:47:20.993000', 0.6321, 0.6321, 'Variable', NULL, 0, 'https://defillama.com/yields/pool/baee0253-eb6e-4a08-a579-a2acd4f034b2', '2026-01-30 12:47:21.504000'),
('7f69b15d-47e3-4ef2-8ae6-af7acc58b235', '2b3ea2e6-2a8b-4d76-8ce8-aecffbaa6cfd', '2026-01-30 19:56:22.981000', 9.6751, 9.6751, 'Variable', NULL, 0, 'https://defillama.com/yields/pool/ae3397ed-1f0f-4aa4-ab62-44413ea8cd9e', '2026-01-30 19:56:23.368000'),
('7fc0aef4-6b95-4398-af60-295ec9e56847', 'd4efc028-f7c5-4290-a047-c2c0183b8a11', '2026-01-30 12:32:26.322000', 0.6321, 0.6321, 'Variable', NULL, 0, 'https://defillama.com/yields/pool/baee0253-eb6e-4a08-a579-a2acd4f034b2', '2026-01-30 12:32:26.623000'),
('80f8b658-4b7c-4c66-a734-92be00764ce2', '87cf879b-3e28-4754-a58d-83cc559d4376', '2026-01-30 12:47:20.993000', 0.4626, 0.4626, 'Variable', NULL, 0, 'https://defillama.com/yields/pool/c92476de-a72d-4cb0-9d5c-065cdb6853f3', '2026-01-30 12:47:21.508000'),
('828043e1-a28f-4d4b-90be-9740bf6f8bdf', '06659d0f-a1a7-4021-8906-35f31f8985b2', '2026-01-30 12:32:26.322000', 0.0000, 0.0000, 'Variable', NULL, 0, 'https://defillama.com/yields/pool/569ab5a6-76e4-46a6-abb6-b12be4197e31', '2026-01-30 12:32:26.465000'),
('82b2bc82-f51b-4615-b296-b54dad0d97d5', '87cf879b-3e28-4754-a58d-83cc559d4376', '2026-01-30 12:43:26.112000', 0.0382, 0.0382, 'Variable', NULL, 0, 'https://defillama.com/yields/pool/987e8588-51d6-4e26-876f-fd484ac91ab7', '2026-01-30 12:43:26.310000'),
('83f36cda-7de2-4d43-92c2-a7a2203499bb', 'a9e5b7e3-018e-474b-a7d6-2088b3eca0c1', '2026-02-06 18:54:07.343000', 3.0000, 8.0000, 'Variable', NULL, 0, NULL, '2026-02-06 18:54:09.896000'),
('85e8a42d-fbfb-4d40-b96d-5bcf1c2d72b3', 'a156a443-69d7-44ef-b8c8-d1481f97a69d', '2026-02-06 18:54:07.343000', 11.9000, 11.9000, 'Fixed', NULL, 0, NULL, '2026-02-06 18:54:09.860000'),
('873d8fc7-25c6-4b2d-a015-d3bfe8f132b9', '87cf879b-3e28-4754-a58d-83cc559d4376', '2026-01-30 12:43:26.112000', 0.2631, 0.2631, 'Variable', NULL, 0, 'https://defillama.com/yields/pool/f02ce8e7-9e9e-487b-9b65-18ab4dff97cc', '2026-01-30 12:43:26.358000'),
('87757f77-de88-46a2-8a86-022b3ebffedb', '3729987e-08bf-42d4-8d1d-d8dd65576c6d', '2026-01-30 12:43:26.112000', 0.4429, 0.4429, 'Variable', NULL, 0, 'https://defillama.com/yields/pool/5161838f-3c34-4827-b29d-c35b812373ab', '2026-01-30 12:43:26.449000'),
('8a289b71-e32c-41ad-9aa5-e86e6ed886ce', '0484d779-ed0b-43bb-a9e8-38c1ac2ebf36', '2026-02-05 09:23:24.103000', 3.0000, 6.0000, 'Variable', NULL, 0, NULL, '2026-02-05 09:23:24.958000'),
('8a4f6575-3966-4266-9dea-b68160b8c00c', 'a2b0cf0d-59de-4c4d-84b8-2a261d07c155', '2026-02-05 09:23:24.103000', 4.0000, 7.0000, 'Variable', NULL, 0, NULL, '2026-02-05 09:23:24.942000'),
('8b769aa6-fbf9-4a87-b9c6-2fd0f6f9ee7c', 'a3a042c9-6ce0-4df4-af4f-a030bfbd3901', '2026-02-06 18:54:07.343000', 4.0000, 7.0000, 'Variable', NULL, 0, NULL, '2026-02-06 18:54:09.942000'),
('8b98b090-a0c0-4f1b-ad55-5bea0880fe4a', '34a32591-f83b-429a-b7ca-b502f80aa161', '2026-01-30 19:56:22.981000', 4.0959, 4.0959, 'Variable', NULL, 0, 'https://defillama.com/yields/pool/aa70268e-4b52-42bf-a116-608b370f9501', '2026-01-30 19:56:23.228000'),
('8d40280d-197a-40a1-aaaf-7c8aa0668b12', '87cf879b-3e28-4754-a58d-83cc559d4376', '2026-01-30 19:56:22.981000', 0.1056, 0.1056, 'Variable', NULL, 0, 'https://defillama.com/yields/pool/99f0f74d-c525-4c2b-9b8f-a90cc2097475', '2026-01-30 19:56:23.180000'),
('8d57da0f-f57b-43ff-a0c0-92ebd60a65fc', 'f33b84e4-1712-47a2-9672-54370f34f671', '2026-01-30 12:32:26.322000', 0.2699, 0.2699, 'Variable', NULL, 0, 'https://defillama.com/yields/pool/63401123-2a09-47f9-80be-5a61f12370f8', '2026-01-30 12:32:26.475000'),
('8e71c956-e141-4aca-bb28-c9565f18430a', 'cf15f2e7-484b-405f-b238-520aab05c9b4', '2026-01-30 12:47:20.993000', 4.3570, 4.3570, 'Variable', NULL, 0, 'https://defillama.com/yields/pool/81ae8812-f04f-4f6e-9d71-ee5778f3a178', '2026-01-30 12:47:21.322000'),
('917d9781-b80b-4b07-9c66-4f3ccca1dff5', '4ea1409e-d600-4ed6-9c4d-d5761234270d', '2026-02-05 09:23:24.103000', 2.0000, 5.0000, 'Variable', NULL, 0, NULL, '2026-02-05 09:23:24.964000'),
('92f9164c-9875-447a-b8d8-d1918ba30693', 'b6ccf06f-ef78-4fc9-a011-4c5f0bec90e3', '2026-01-30 12:43:26.112000', 69.2740, 69.2740, 'Unknown', NULL, 0, 'https://defillama.com/yields/pool/fc9f488e-8183-416f-a61e-4e5c571d4395', '2026-01-30 12:43:26.466000'),
('9383cc7c-4082-4151-8210-3a5b16de3bb7', 'a59ae748-e00c-4c6c-863f-35712aead2bc', '2026-01-30 19:56:22.981000', 3.3495, 3.3495, 'Variable', NULL, 0, 'https://defillama.com/yields/pool/e338c687-a5d8-4abf-bc04-127990811b0a', '2026-01-30 19:56:23.198000'),
('939289ff-bcdf-4d79-b9b2-3a1ff7a1a86d', '87cf879b-3e28-4754-a58d-83cc559d4376', '2026-01-30 12:43:26.112000', 0.0849, 0.0849, 'Variable', NULL, 0, 'https://defillama.com/yields/pool/11adaf47-24a3-4f15-a759-77d527f9b250', '2026-01-30 12:43:26.417000'),
('969b1654-6e3b-472a-b94c-158c8bbc90d2', '34a32591-f83b-429a-b7ca-b502f80aa161', '2026-01-30 12:32:26.322000', 4.5636, 4.5636, 'Variable', NULL, 0, 'https://defillama.com/yields/pool/aa70268e-4b52-42bf-a116-608b370f9501', '2026-01-30 12:32:26.530000'),
('9b519ee5-58f6-4981-8165-23956e4265c8', '6c380bdd-6412-4451-bc25-5654e6039f49', '2026-01-30 19:56:22.981000', 4.0000, 4.0000, 'Variable', NULL, 0, 'https://defillama.com/yields/pool/a5d67f7e-5b51-4a9d-969d-caf051a7f5a4', '2026-01-30 19:56:23.338000'),
('9cffbd50-0103-46b1-a2f5-01319d7d62d6', 'cf15f2e7-484b-405f-b238-520aab05c9b4', '2026-01-30 12:47:20.993000', 4.3573, 4.4550, 'Variable', NULL, 0, 'https://defillama.com/yields/pool/7820bd3c-461a-4811-9f0b-1d39c1503c3f', '2026-01-30 12:47:21.276000'),
('9dd8ad3d-8a2e-423c-9512-94a3f92e29bd', '87cf879b-3e28-4754-a58d-83cc559d4376', '2026-01-30 12:43:26.112000', 0.0977, 0.0977, 'Variable', NULL, 0, 'https://defillama.com/yields/pool/90da253a-4e33-45e3-bc22-dd3c38f82e17', '2026-01-30 12:43:26.290000'),
('a1a4dafd-f128-4c92-b294-0e162bf11ff6', 'ef075119-9805-4673-bd00-4d5f9d60682f', '2026-02-06 18:54:07.343000', 4.0000, 6.5000, 'Promo', NULL, 1, NULL, '2026-02-06 18:54:10.082000'),
('a27690ce-20cc-4421-b6b5-ed94a08c7a1d', 'cf15f2e7-484b-405f-b238-520aab05c9b4', '2026-01-30 19:56:22.981000', 4.3621, 4.3621, 'Variable', NULL, 0, 'https://defillama.com/yields/pool/81ae8812-f04f-4f6e-9d71-ee5778f3a178', '2026-01-30 19:56:23.234000'),
('a31afab3-02db-4080-a02c-6f8c03375ce3', '9f742f8d-3a72-4ba7-a425-a515f94fb5ca', '2026-01-30 19:56:22.981000', 5.4390, 5.4390, 'Variable', NULL, 0, 'https://defillama.com/yields/pool/43641cf5-a92e-416b-bce9-27113d3c0db6', '2026-01-30 19:56:23.106000'),
('a33316cf-6704-4e01-a775-178d1996b7e6', '06659d0f-a1a7-4021-8906-35f31f8985b2', '2026-01-30 12:47:20.993000', 0.0000, 0.0000, 'Variable', NULL, 0, 'https://defillama.com/yields/pool/569ab5a6-76e4-46a6-abb6-b12be4197e31', '2026-01-30 12:47:21.281000'),
('a38f86d5-597c-4d23-945f-2b28da903e91', '68a63196-4719-45cd-acd8-4b22b70139e8', '2026-01-30 12:47:20.993000', 4.0000, 4.0000, 'Variable', NULL, 0, 'https://defillama.com/yields/pool/e96cbd55-a0a0-446a-89ba-ada6e2991d50', '2026-01-30 12:47:21.479000'),
('a39d0e10-52be-4dbf-9ac6-b5da8097b300', '0f46e75b-23ff-464a-bc28-3dd44dd6ac74', '2026-01-30 19:56:22.981000', 0.0000, 0.0000, 'Variable', NULL, 0, 'https://defillama.com/yields/pool/0b00e38e-f003-4cb1-ab1f-066d125ace7d', '2026-01-30 19:56:23.096000'),
('a3dd1791-f928-46fd-93a2-0c325bd584fb', '3729987e-08bf-42d4-8d1d-d8dd65576c6d', '2026-01-30 12:47:20.993000', 0.1730, 0.1730, 'Variable', NULL, 0, 'https://defillama.com/yields/pool/a089d2f5-d150-458c-b1af-186dcb8374c4', '2026-01-30 12:47:21.523000'),
('a464d196-16aa-466d-8007-596186b2ceec', '87cf879b-3e28-4754-a58d-83cc559d4376', '2026-01-30 12:32:26.322000', 0.1052, 0.1052, 'Variable', NULL, 0, 'https://defillama.com/yields/pool/59e8a5a4-38a6-4707-bce7-096dbec62f0e', '2026-01-30 12:32:26.590000'),
('a8b72e6f-caef-491d-aa3c-6147149691bc', 'cf15f2e7-484b-405f-b238-520aab05c9b4', '2026-01-30 12:47:20.993000', 2.9477, 3.2255, 'Variable', NULL, 0, 'https://defillama.com/yields/pool/b55f43a8-f444-4cd8-a3a4-0a4e786ba566', '2026-01-30 12:47:21.286000'),
('a939dae3-f314-4ffe-9e5d-63cb5a69ef86', '2b3ea2e6-2a8b-4d76-8ce8-aecffbaa6cfd', '2026-01-30 12:47:20.993000', 9.6411, 9.6411, 'Variable', NULL, 0, 'https://defillama.com/yields/pool/ae3397ed-1f0f-4aa4-ab62-44413ea8cd9e', '2026-01-30 12:47:21.536000'),
('a943ccdb-b09c-442d-9ccc-ee0c55293aa6', '7b6930c2-d793-414d-8bfd-8f6b53151619', '2026-02-05 09:23:24.103000', NULL, NULL, 'QuoteBased', NULL, 0, NULL, '2026-02-05 09:23:24.927000'),
('a9be9d42-5b11-4fd0-aace-d5357d693f54', '6c380bdd-6412-4451-bc25-5654e6039f49', '2026-01-30 12:43:26.112000', 4.0000, 4.0000, 'Variable', NULL, 0, 'https://defillama.com/yields/pool/a5d67f7e-5b51-4a9d-969d-caf051a7f5a4', '2026-01-30 12:43:26.405000'),
('aa484a6f-b34e-49ee-96d7-4256b4bccd42', '87cf879b-3e28-4754-a58d-83cc559d4376', '2026-01-30 12:32:26.322000', 0.0977, 0.0977, 'Variable', NULL, 0, 'https://defillama.com/yields/pool/1d026471-1646-4319-b542-828d615f05e0', '2026-01-30 12:32:26.434000'),
('aad1595a-0109-49b5-be6f-23fb57650b1b', '06659d0f-a1a7-4021-8906-35f31f8985b2', '2026-01-30 12:47:20.993000', 0.0000, 0.0000, 'Variable', NULL, 0, 'https://defillama.com/yields/pool/a79fdd93-2747-43ee-bf53-0c372192964d', '2026-01-30 12:47:21.500000'),
('aae0a994-bc66-4edc-8c45-be87ae385afc', '61b05f27-b3eb-49a4-9bc9-a8928207f3d1', '2026-01-30 19:56:22.981000', 1.2500, 1.2500, 'Variable', NULL, 0, 'https://defillama.com/yields/pool/c8a24fee-ec00-4f38-86c0-9f6daebc4225', '2026-01-30 19:56:23.253000'),
('ac3b3e73-928a-4928-89fe-48e4c9e39f56', 'a59ae748-e00c-4c6c-863f-35712aead2bc', '2026-01-30 12:47:20.993000', 3.3363, 3.3363, 'Variable', NULL, 0, 'https://defillama.com/yields/pool/e338c687-a5d8-4abf-bc04-127990811b0a', '2026-01-30 12:47:21.303000'),
('ac513127-5ad1-44b4-b410-c4dfe6aa1a94', '5eadbd78-916e-406d-868a-4f3128ee44c2', '2026-02-05 09:23:24.103000', NULL, NULL, 'QuoteBased', NULL, 0, NULL, '2026-02-05 09:23:24.933000'),
('acc7df25-d65e-4276-8d8c-450758435f23', '0805ee83-b1ad-4caa-8fdf-46dd3cca6f2c', '2026-02-06 18:54:07.343000', 1.0000, NULL, 'Fixed', NULL, 0, NULL, '2026-02-06 18:54:09.880000'),
('acd2c7f4-40a7-410a-8651-c4976faa14b7', '25b2c047-1e0a-49dc-8b43-e2a5554ce45c', '2026-02-05 09:23:24.103000', 3.0000, 8.0000, 'Variable', NULL, 0, NULL, '2026-02-05 09:23:24.918000'),
('ad112b73-68d3-46dd-ba1f-c045ca4f6ece', '515fc863-df2b-4441-bc0a-26150b5c1aff', '2026-02-06 18:54:07.343000', 10.0000, 10.0000, 'Fixed', NULL, 0, NULL, '2026-02-06 18:54:09.950000'),
('ae2ecce0-f504-41bf-baae-9e57402c1670', '09211a7d-b25f-4acf-975c-cb5e591f68cc', '2026-02-06 18:54:07.343000', NULL, NULL, 'QuoteBased', NULL, 0, NULL, '2026-02-06 18:54:09.922000'),
('aea5a4c9-e417-409e-9c37-aa441f85b381', 'd8d48bf6-deb2-4118-9858-e8c24ce3c8f6', '2026-01-30 12:43:26.112000', 5.2054, 5.2054, 'Variable', NULL, 0, 'https://defillama.com/yields/pool/15556ff2-3c81-4c6e-aecc-ec8238f3eff3', '2026-01-30 12:43:26.354000'),
('af3e2f6a-7d3b-4ef7-9515-171fb25eeeae', '43041851-93ad-47bd-829b-3fd943f55518', '2026-02-06 18:54:07.343000', NULL, NULL, 'Unknown', NULL, 0, NULL, '2026-02-06 18:54:09.891000'),
('afcadd29-d3bd-46df-a6c1-3f80c46f7745', '30c78a9b-95aa-4a6a-a24c-31cbd488c1df', '2026-02-05 09:23:24.103000', 3.5000, 5.2000, 'Variable', NULL, 0, NULL, '2026-02-05 09:23:24.961000'),
('b003cad8-9e17-42e5-a580-221b60d597e8', '6c380bdd-6412-4451-bc25-5654e6039f49', '2026-01-30 12:32:26.322000', 4.0000, 4.0000, 'Variable', NULL, 0, 'https://defillama.com/yields/pool/a5d67f7e-5b51-4a9d-969d-caf051a7f5a4', '2026-01-30 12:32:26.604000'),
('b1c6b24d-6ede-4fca-a538-787918c32b9c', '87cf879b-3e28-4754-a58d-83cc559d4376', '2026-01-30 12:43:26.112000', 0.1023, 0.1023, 'Variable', NULL, 0, 'https://defillama.com/yields/pool/e7973a06-67fe-41c8-906b-ee71a69a5a5a', '2026-01-30 12:43:26.362000'),
('b68afe99-a861-4caf-9229-256552a6ac2f', 'cf15f2e7-484b-405f-b238-520aab05c9b4', '2026-01-30 12:43:26.112000', 4.3570, 4.3570, 'Variable', NULL, 0, 'https://defillama.com/yields/pool/81ae8812-f04f-4f6e-9d71-ee5778f3a178', '2026-01-30 12:43:26.300000'),
('b87dcf94-6064-451e-a82f-39e14d7864d5', '0bc379bb-f4b4-4f95-966e-57a3dc24d96a', '2026-02-05 09:23:24.103000', 0.0000, 0.0000, 'Fixed', NULL, 0, NULL, '2026-02-05 09:23:24.949000'),
('b9f1efee-6081-462c-bb92-606bcdfbd044', '68a63196-4719-45cd-acd8-4b22b70139e8', '2026-01-30 12:43:26.112000', 4.0000, 4.0000, 'Variable', NULL, 0, 'https://defillama.com/yields/pool/e96cbd55-a0a0-446a-89ba-ada6e2991d50', '2026-01-30 12:43:26.401000'),
('ba211267-acc1-44e3-ac54-d62b942a2724', '9329d580-f895-4d20-b840-945a4336624d', '2026-01-30 19:56:22.981000', 4.6675, 4.6675, 'Variable', NULL, 0, 'https://defillama.com/yields/pool/8edfdf02-cdbb-43f7-bca6-954e5fe56813', '2026-01-30 19:56:23.114000'),
('bce2caff-8778-43c1-989f-f7168a057429', '87cf879b-3e28-4754-a58d-83cc559d4376', '2026-01-30 12:32:26.322000', 0.4594, 0.4594, 'Variable', NULL, 0, 'https://defillama.com/yields/pool/811da684-855f-434f-9bfd-52679f9707b9', '2026-01-30 12:32:26.536000'),
('bda6d82d-8366-4961-91a0-61cf9f67e31a', 'cf15f2e7-484b-405f-b238-520aab05c9b4', '2026-01-30 12:32:26.322000', 4.3573, 4.4550, 'Variable', NULL, 0, 'https://defillama.com/yields/pool/7820bd3c-461a-4811-9f0b-1d39c1503c3f', '2026-01-30 12:32:26.460000'),
('bf5f5c24-3352-477e-a527-81799259bb6a', '87cf879b-3e28-4754-a58d-83cc559d4376', '2026-01-30 12:32:26.322000', 0.0849, 0.0849, 'Variable', NULL, 0, 'https://defillama.com/yields/pool/11adaf47-24a3-4f15-a759-77d527f9b250', '2026-01-30 12:32:26.614000'),
('bf7f0df4-ba10-4614-803c-85b066d34725', '87cf879b-3e28-4754-a58d-83cc559d4376', '2026-01-30 12:47:20.993000', 0.0977, 0.0977, 'Variable', NULL, 0, 'https://defillama.com/yields/pool/a4c57c86-8983-4b67-ba90-20e5c100d6cc', '2026-01-30 12:47:21.327000'),
('c13342c7-0335-40c3-b5b7-688cf8b48598', '87cf879b-3e28-4754-a58d-83cc559d4376', '2026-01-30 12:47:20.993000', 0.2631, 0.2631, 'Variable', NULL, 0, 'https://defillama.com/yields/pool/f02ce8e7-9e9e-487b-9b65-18ab4dff97cc', '2026-01-30 12:47:21.393000'),
('c17a5047-4bca-4d7b-8bae-abc741121c9c', '591e879e-99d6-49a4-a3bd-371caea910be', '2026-02-06 18:54:07.343000', NULL, NULL, 'Variable', NULL, 0, NULL, '2026-02-06 18:54:09.907000'),
('c3fabd41-3532-47f2-97c1-65cf53344f2a', 'd8d48bf6-deb2-4118-9858-e8c24ce3c8f6', '2026-01-30 12:47:20.993000', 5.2054, 5.2054, 'Variable', NULL, 0, 'https://defillama.com/yields/pool/15556ff2-3c81-4c6e-aecc-ec8238f3eff3', '2026-01-30 12:47:21.388000'),
('c4ca4cfb-d8db-46f2-878b-b78b0db8c0bc', '87cf879b-3e28-4754-a58d-83cc559d4376', '2026-01-30 19:56:22.981000', 0.1057, 0.1057, 'Variable', NULL, 0, 'https://defillama.com/yields/pool/59e8a5a4-38a6-4707-bce7-096dbec62f0e', '2026-01-30 19:56:23.289000'),
('c592206f-e663-46fc-992e-8779200eea7f', '97d77942-3b86-476c-a6fd-a5527a0194d5', '2026-01-30 19:56:22.981000', 0.1243, 0.1243, 'Variable', NULL, 0, 'https://defillama.com/yields/pool/05d0b144-35ae-4d5d-b8a9-809494265c1c', '2026-01-30 19:56:23.313000'),
('c8224a1d-14d3-4617-8b52-6d89319c9247', '68a63196-4719-45cd-acd8-4b22b70139e8', '2026-01-30 19:56:22.981000', 4.0000, 4.0000, 'Variable', NULL, 0, 'https://defillama.com/yields/pool/c5c74dd1-995c-4445-9d84-3e710bad7d52', '2026-01-30 19:56:23.283000'),
('c878b447-6d4c-4270-a56f-da81061d06a4', '4d45bac5-7631-47aa-addb-143c8d81c6ce', '2026-02-06 18:54:07.343000', NULL, NULL, 'Unknown', NULL, 0, NULL, '2026-02-06 18:54:09.867000'),
('c8d7f233-f6d1-4ab8-bd1d-55b78a678710', 'd3d677fe-0f4e-4a96-9b37-a011fd81b905', '2026-01-30 19:56:22.981000', 0.0000, 0.0000, 'Unknown', NULL, 0, 'https://defillama.com/yields/pool/635b3ad5-dd05-4a02-8512-ec3a08164600', '2026-01-30 19:56:23.374000'),
('c941cb64-7627-4a48-aa74-e562578b7f11', '87cf879b-3e28-4754-a58d-83cc559d4376', '2026-01-30 12:47:20.993000', 0.2698, 0.2698, 'Variable', NULL, 0, 'https://defillama.com/yields/pool/2ba85eb4-5195-4486-a760-0b41920da2fe', '2026-01-30 12:47:21.455000'),
('c9d413f3-b1ff-4109-abf2-2498c48e84f5', '7f3c5bb7-8ac5-4542-9075-eafb92db5f19', '2026-02-05 09:23:24.103000', NULL, NULL, 'QuoteBased', NULL, 0, NULL, '2026-02-05 09:23:24.930000'),
('cb48103b-6f1b-4b56-9b1b-8faa8c2ee248', 'cef4eecb-98fa-45ed-a27c-8225702562f0', '2026-02-05 09:23:24.103000', NULL, NULL, 'Unknown', NULL, 0, NULL, '2026-02-05 09:23:24.915000'),
('cc2a186d-5cc9-4250-b929-b3c245d3681c', '3729987e-08bf-42d4-8d1d-d8dd65576c6d', '2026-01-30 12:47:20.993000', 0.5267, 0.5267, 'Variable', NULL, 0, 'https://defillama.com/yields/pool/dd8e780e-424b-4ef5-b5ca-4e3fa483e086', '2026-01-30 12:47:21.373000'),
('cc425ec5-ce65-4f0d-a8a7-e9a01477ab86', '87cf879b-3e28-4754-a58d-83cc559d4376', '2026-01-30 19:56:22.981000', 0.0366, 0.0366, 'Variable', NULL, 0, 'https://defillama.com/yields/pool/ba5de0c1-a4b0-42a9-9084-35d9742db180', '2026-01-30 19:56:23.145000'),
('cda936f4-709c-4d1f-969c-12de3d8a1072', 'f33b84e4-1712-47a2-9672-54370f34f671', '2026-01-30 12:43:26.112000', 0.2699, 0.2699, 'Variable', NULL, 0, 'https://defillama.com/yields/pool/63401123-2a09-47f9-80be-5a61f12370f8', '2026-01-30 12:43:26.267000'),
('ce41709d-09fc-4f5a-ad01-d5e60bba5968', '61b05f27-b3eb-49a4-9bc9-a8928207f3d1', '2026-01-30 12:32:26.322000', 1.2500, 1.2500, 'Variable', NULL, 0, 'https://defillama.com/yields/pool/c8a24fee-ec00-4f38-86c0-9f6daebc4225', '2026-01-30 12:32:26.540000'),
('ce721513-c265-428b-823b-7c1fb28ab875', 'b6ccf06f-ef78-4fc9-a011-4c5f0bec90e3', '2026-01-30 12:32:26.322000', 69.2740, 69.2740, 'Unknown', NULL, 0, 'https://defillama.com/yields/pool/fc9f488e-8183-416f-a61e-4e5c571d4395', '2026-01-30 12:32:26.655000'),
('cf25266e-a69c-42bb-8a96-820c3d4a5763', '3729987e-08bf-42d4-8d1d-d8dd65576c6d', '2026-01-30 12:32:26.322000', 0.5267, 0.5267, 'Variable', NULL, 0, 'https://defillama.com/yields/pool/dd8e780e-424b-4ef5-b5ca-4e3fa483e086', '2026-01-30 12:32:26.549000'),
('d0d9a4d6-7cd0-4320-afef-116913443017', 'cd665ef3-7e1d-476a-8d5b-1ffd3edf1ece', '2026-02-05 09:23:24.103000', 9.9500, 14.4500, 'Variable', NULL, 0, NULL, '2026-02-05 09:23:24.904000'),
('d1081f1b-d529-43d1-a39e-820f6c9afb1a', '174c7dae-86b3-4e3e-9279-53b9b1c06b48', '2026-01-30 19:56:22.981000', 2.5796, 3.1059, 'Variable', NULL, 0, 'https://defillama.com/yields/pool/ded5a855-23c1-459d-8390-ba2707fac7c5', '2026-01-30 19:56:23.358000'),
('d1c787d7-2bca-438d-881e-bb1977992cca', 'a02481f4-fa1f-4e3a-b35e-d32f155747da', '2026-02-05 09:23:24.103000', NULL, NULL, 'QuoteBased', NULL, 0, NULL, '2026-02-05 09:23:24.936000'),
('d288fd44-7fed-44d9-995c-c2d2283b4719', '8d71c4b2-2604-40ee-8576-e9e5540578ab', '2026-01-30 19:56:22.981000', 2.3900, 4.1400, 'Variable', NULL, 0, 'https://defillama.com/yields/pool/4e8cc592-c8d5-4824-8155-128ba521e903', '2026-01-30 19:56:23.263000'),
('d2f9921c-657d-4e6c-b52b-0d3a15871d24', 'ccb75b6f-30ef-414f-9e9e-40d13e603597', '2026-02-06 18:54:07.343000', 2.0000, 5.0000, 'Variable', NULL, 0, NULL, '2026-02-06 18:54:09.985000'),
('d498b0cf-813f-41ea-9410-8b59e19f2a6c', '3729987e-08bf-42d4-8d1d-d8dd65576c6d', '2026-01-30 12:32:26.322000', 0.1730, 0.1730, 'Variable', NULL, 0, 'https://defillama.com/yields/pool/a089d2f5-d150-458c-b1af-186dcb8374c4', '2026-01-30 12:32:26.645000'),
('d83e0f4e-f2a2-46a4-ac7a-b2e395690cb4', '11a75cef-1801-449b-8594-8aa757b83076', '2026-02-06 18:54:07.343000', NULL, NULL, 'Variable', NULL, 0, NULL, '2026-02-06 18:54:09.901000'),
('d94a057c-bdd0-47d0-a2b1-8a631e195868', '87cf879b-3e28-4754-a58d-83cc559d4376', '2026-01-30 12:32:26.322000', 0.4626, 0.4626, 'Variable', NULL, 0, 'https://defillama.com/yields/pool/c92476de-a72d-4cb0-9d5c-065cdb6853f3', '2026-01-30 12:32:26.629000'),
('d9c58e69-2cf3-44b9-9d49-cea0bc197a7b', '34a32591-f83b-429a-b7ca-b502f80aa161', '2026-01-30 12:47:20.993000', 4.5636, 4.5636, 'Variable', NULL, 0, 'https://defillama.com/yields/pool/aa70268e-4b52-42bf-a116-608b370f9501', '2026-01-30 12:47:21.345000'),
('d9dcdc2f-0381-4b9a-9b28-3ed326b283cd', '90ccd883-daca-4bb5-8780-22fc7caeff80', '2026-02-05 09:23:24.103000', NULL, NULL, 'Variable', NULL, 0, NULL, '2026-02-05 09:23:24.921000'),
('da3574ce-37ad-453d-8c50-1d1e3cbdf622', '06659d0f-a1a7-4021-8906-35f31f8985b2', '2026-01-30 12:43:26.112000', 0.0000, 0.0000, 'Variable', NULL, 0, 'https://defillama.com/yields/pool/a79fdd93-2747-43ee-bf53-0c372192964d', '2026-01-30 12:43:26.422000'),
('dae50fad-8fec-42c4-9f83-a94873b77dd1', '9329d580-f895-4d20-b840-945a4336624d', '2026-01-30 12:32:26.322000', 4.6675, 4.6675, 'Variable', NULL, 0, 'https://defillama.com/yields/pool/8edfdf02-cdbb-43f7-bca6-954e5fe56813', '2026-01-30 12:32:26.421000'),
('db39ce7e-cb04-42ed-83ab-f32465545e71', '2970f8fa-1a31-4c37-a4a5-1056a7805275', '2026-01-30 12:43:26.112000', 5.4000, 6.2700, 'Variable', NULL, 0, 'https://defillama.com/yields/pool/4438dabc-7f0c-430b-8136-2722711ae663', '2026-01-30 12:43:26.284000'),
('dd9d3711-3728-44c3-bfb6-484417c7c03a', 'c74c30a4-5ab4-4a4f-b076-ba5602502fcb', '2026-01-30 12:43:26.112000', 0.0001, 0.0001, 'Variable', NULL, 0, 'https://defillama.com/yields/pool/25171c4c-1877-449a-9f88-45a9f153ee31', '2026-01-30 12:43:26.396000'),
('de8edb79-f171-412d-8286-41e93243e89a', '87cf879b-3e28-4754-a58d-83cc559d4376', '2026-01-30 12:43:26.112000', 0.1052, 0.1052, 'Variable', NULL, 0, 'https://defillama.com/yields/pool/59e8a5a4-38a6-4707-bce7-096dbec62f0e', '2026-01-30 12:43:26.391000'),
('df41e206-a5c2-4473-a738-9a11c250602b', '87cf879b-3e28-4754-a58d-83cc559d4376', '2026-01-30 19:56:22.981000', 0.4632, 0.4632, 'Variable', NULL, 0, 'https://defillama.com/yields/pool/c92476de-a72d-4cb0-9d5c-065cdb6853f3', '2026-01-30 19:56:23.328000'),
('e144963a-adb3-43fc-bb3e-964b11c3aa1d', '87cf879b-3e28-4754-a58d-83cc559d4376', '2026-01-30 12:47:20.993000', 0.0977, 0.0977, 'Variable', NULL, 0, 'https://defillama.com/yields/pool/1d026471-1646-4319-b542-828d615f05e0', '2026-01-30 12:47:21.104000'),
('e15da3fc-eb44-4ea6-a566-53bcb9856c12', '112982a1-d316-43d8-b812-4e5a7847f3ed', '2026-01-30 12:32:26.322000', 0.0000, 0.0000, 'Variable', NULL, 0, 'https://defillama.com/yields/pool/974b8732-2dce-4a46-8204-7f9e6b7efb71', '2026-01-30 12:32:26.634000'),
('e4db9198-bf28-49a4-ab2b-302aaa3d19b6', 'b45a93b7-68df-49d5-aee9-ca8dd06a4d0e', '2026-02-05 09:23:24.103000', NULL, NULL, 'Unknown', NULL, 0, NULL, '2026-02-05 09:23:24.900000'),
('e5f38ca6-7d98-485f-a9a4-62568efed7ed', '87cf879b-3e28-4754-a58d-83cc559d4376', '2026-01-30 19:56:22.981000', 0.2685, 0.2685, 'Variable', NULL, 0, 'https://defillama.com/yields/pool/f02ce8e7-9e9e-487b-9b65-18ab4dff97cc', '2026-01-30 19:56:23.273000'),
('e6c4fd84-f546-4a2b-b0d6-e316e2a86c57', '87cf879b-3e28-4754-a58d-83cc559d4376', '2026-01-30 12:47:20.993000', 0.2778, 0.2778, 'Variable', NULL, 0, 'https://defillama.com/yields/pool/a87bbade-7728-43d9-bc23-2538812be3cc', '2026-01-30 12:47:21.146000'),
('e7ca3d15-c5ed-40f3-b9be-c8665a619ab5', 'd3d677fe-0f4e-4a96-9b37-a011fd81b905', '2026-01-30 12:43:26.112000', 0.0000, 0.0000, 'Unknown', NULL, 0, 'https://defillama.com/yields/pool/635b3ad5-dd05-4a02-8512-ec3a08164600', '2026-01-30 12:43:26.478000'),
('ebd9c18e-9199-42d2-a6ed-131a8c340f4e', '87cf879b-3e28-4754-a58d-83cc559d4376', '2026-01-30 12:32:26.322000', 0.2631, 0.2631, 'Variable', NULL, 0, 'https://defillama.com/yields/pool/f02ce8e7-9e9e-487b-9b65-18ab4dff97cc', '2026-01-30 12:32:26.563000'),
('ec72dcf5-9b82-4ae2-a566-0dfe581cf235', '2970f8fa-1a31-4c37-a4a5-1056a7805275', '2026-01-30 12:32:26.322000', 5.4000, 6.2700, 'Variable', NULL, 0, 'https://defillama.com/yields/pool/4438dabc-7f0c-430b-8136-2722711ae663', '2026-01-30 12:32:26.490000'),
('ed2dd668-c510-44b9-ace5-f2266174c4cd', '6883104a-bdee-40cc-b0f5-f3236eebdbf7', '2026-01-30 12:32:26.322000', 2.9430, 3.2209, 'Variable', NULL, 0, 'https://defillama.com/yields/pool/a306885c-001e-4479-9ae8-459a56527bc1', '2026-01-30 12:32:26.579000'),
('ee1d4734-3f63-48ed-bc20-50cc171e6cd1', 'ce95d15b-2f26-4a76-8f3e-134176cc1a2f', '2026-02-05 09:23:24.103000', 10.0000, 10.0000, 'Fixed', NULL, 0, NULL, '2026-02-05 09:23:24.945000'),
('ee62e31f-23ac-42fd-a136-3b85d9fff017', '0f46e75b-23ff-464a-bc28-3dd44dd6ac74', '2026-01-30 12:43:26.112000', 0.0000, 0.0000, 'Variable', NULL, 0, 'https://defillama.com/yields/pool/0b00e38e-f003-4cb1-ab1f-066d125ace7d', '2026-01-30 12:43:26.196000'),
('eee687c5-186c-47c4-9c42-23f9b5506c1b', '87cf879b-3e28-4754-a58d-83cc559d4376', '2026-01-30 12:43:26.112000', 0.1053, 0.1053, 'Variable', NULL, 0, 'https://defillama.com/yields/pool/99f0f74d-c525-4c2b-9b8f-a90cc2097475', '2026-01-30 12:43:26.272000'),
('efeaf118-8561-48dc-b4fb-2f5314f791ad', '68a63196-4719-45cd-acd8-4b22b70139e8', '2026-01-30 19:56:22.981000', 4.0000, 4.0000, 'Variable', NULL, 0, 'https://defillama.com/yields/pool/e96cbd55-a0a0-446a-89ba-ada6e2991d50', '2026-01-30 19:56:23.308000'),
('f12f6528-d66a-469e-8c72-d48c39e35529', 'ffbe0345-cba1-41f9-8ece-dbb15e147862', '2026-01-30 12:14:17.401000', 0.0000, 0.0000, 'Unknown', NULL, 0, 'https://defillama.com/yields/pool/5570b69e-8050-465b-8d09-ca0ef07da195', '2026-01-30 12:14:17.485000'),
('f18f22d0-0ba5-4b0c-9516-bdeb6c915ed9', '68a63196-4719-45cd-acd8-4b22b70139e8', '2026-01-30 12:32:26.322000', 4.0000, 4.0000, 'Variable', NULL, 0, 'https://defillama.com/yields/pool/c5c74dd1-995c-4445-9d84-3e710bad7d52', '2026-01-30 12:32:26.575000'),
('f332394d-6ad2-417e-a9d2-bcb863b26d24', '87cf879b-3e28-4754-a58d-83cc559d4376', '2026-01-30 12:47:20.993000', 0.4594, 0.4594, 'Variable', NULL, 0, 'https://defillama.com/yields/pool/811da684-855f-434f-9bfd-52679f9707b9', '2026-01-30 12:47:21.351000'),
('f896a23f-fed5-494c-a17b-b9c7a2d8310d', '99c116bf-b8c4-4df0-8ab0-28cc993ec466', '2026-02-06 18:54:07.343000', NULL, NULL, 'Unknown', NULL, 0, NULL, '2026-02-06 18:54:09.969000'),
('f9f5eccd-ee71-4806-a77b-2c47b8da3534', '87cf879b-3e28-4754-a58d-83cc559d4376', '2026-01-30 19:56:22.981000', 0.0365, 0.0365, 'Variable', NULL, 0, 'https://defillama.com/yields/pool/987e8588-51d6-4e26-876f-fd484ac91ab7', '2026-01-30 19:56:23.223000'),
('fbce5009-b0db-4da3-a7e5-d8c29faa8128', '87cf879b-3e28-4754-a58d-83cc559d4376', '2026-01-30 12:43:26.112000', 0.0977, 0.0977, 'Variable', NULL, 0, 'https://defillama.com/yields/pool/54a910fb-3018-40ff-a395-c8eda972e8b8', '2026-01-30 12:43:26.243000'),
('fc0084fa-1778-4826-9be3-bf424ff9683b', 'cf15f2e7-484b-405f-b238-520aab05c9b4', '2026-01-30 12:32:26.322000', 4.3570, 4.3570, 'Variable', NULL, 0, 'https://defillama.com/yields/pool/81ae8812-f04f-4f6e-9d71-ee5778f3a178', '2026-01-30 12:32:26.507000'),
('fc0189bb-88dd-4acb-8aad-af29ded343ff', '06659d0f-a1a7-4021-8906-35f31f8985b2', '2026-01-30 12:32:26.322000', 0.0000, 0.0000, 'Variable', NULL, 0, 'https://defillama.com/yields/pool/a79fdd93-2747-43ee-bf53-0c372192964d', '2026-01-30 12:32:26.619000'),
('fc28512c-5078-4ebd-96c8-6b30b93d3049', 'b6ccf06f-ef78-4fc9-a011-4c5f0bec90e3', '2026-01-30 12:47:20.993000', 69.2740, 69.2740, 'Unknown', NULL, 0, 'https://defillama.com/yields/pool/fc9f488e-8183-416f-a61e-4e5c571d4395', '2026-01-30 12:47:21.532000'),
('fc9ff9c5-5556-4fae-87f6-01adad2b5e1f', '87cf879b-3e28-4754-a58d-83cc559d4376', '2026-01-30 12:32:26.322000', 0.0382, 0.0382, 'Variable', NULL, 0, 'https://defillama.com/yields/pool/987e8588-51d6-4e26-876f-fd484ac91ab7', '2026-01-30 12:32:26.519000'),
('fd23f493-90d2-4f5b-a8b5-1508bec26d57', 'a59ae748-e00c-4c6c-863f-35712aead2bc', '2026-01-30 12:32:26.322000', 3.3363, 3.3363, 'Variable', NULL, 0, 'https://defillama.com/yields/pool/e338c687-a5d8-4abf-bc04-127990811b0a', '2026-01-30 12:32:26.486000'),
('fd7d5225-4573-434e-8eac-44a5c72573b2', 'c74c30a4-5ab4-4a4f-b076-ba5602502fcb', '2026-01-30 12:47:20.993000', 0.0001, 0.0001, 'Variable', NULL, 0, 'https://defillama.com/yields/pool/25171c4c-1877-449a-9f88-45a9f153ee31', '2026-01-30 12:47:21.473000'),
('fe5af0c5-84db-431e-a080-a3ae6260b338', 'd4efc028-f7c5-4290-a047-c2c0183b8a11', '2026-01-30 12:43:26.112000', 0.6321, 0.6321, 'Variable', NULL, 0, 'https://defillama.com/yields/pool/baee0253-eb6e-4a08-a579-a2acd4f034b2', '2026-01-30 12:43:26.431000'),
('ff229470-ffb7-4e79-9e36-e415e74131cd', '87cf879b-3e28-4754-a58d-83cc559d4376', '2026-01-30 12:47:20.993000', 0.0382, 0.0382, 'Variable', NULL, 0, 'https://defillama.com/yields/pool/d2d24eba-bfba-48a4-9963-85626142dd50', '2026-01-30 12:47:21.317000'),
('ff72ec15-2659-4323-a22a-0f21ef8b3c56', '3801cde4-7d74-44d4-93a3-6a0f551e1aaf', '2026-01-30 19:56:22.981000', 2.7412, 2.7412, 'Variable', NULL, 0, 'https://defillama.com/yields/pool/f981a304-bb6c-45b8-b0c5-fd2f515ad23a', '2026-01-30 19:56:23.123000');

INSERT INTO `instruments` (`id`, `module`, `issuer`, `productName`, `collateral`, `jurisdiction`, `lockup`, `seniority`, `notes`, `sources`, `apyLabel`, `duration`, `promoFlag`, `unverifiableReason`, `internalSources`, `createdAt`, `updatedAt`, `ltvTypical`, `marginCallLtv`, `liquidationLtv`, `liquidationPenalty`, `rehypothecationPolicy`, `contractingEntity`, `governingLaw`, `regionEligibility`, `minLoanSize`, `accreditedOnly`, `feeOrigination`, `feeAdmin`, `feeSpread`, `cusip`, `isin`, `dividendRate`, `paymentFrequency`, `coupon`, `maturity`, `conversionTriggers`, `isYield`, `secYield`, `trailingDistributionRate`, `venueType`, `supportedAsset`, `chain`, `userTier`, `noticePeriod`, `redemptionGates`, `dailyLimit`, `riskTags`) VALUES
('0010a60a-8a34-480b-a5b4-fdb60fe32bbc', 'M1A', 'Julius Baer', 'Crypto-backed Lombard Credit', 'BTC/crypto', 'Switzerland / Global', 'Bespoke', 'Secured', 'Case-by-case private banking facility.', '[\"https://www.juliusbaer.com/\"]', 'Quote-based (Borrow cost)', 'Bespoke', 0, NULL, NULL, '2026-02-06 18:54:09.924000', '2026-02-06 18:54:09.924000', NULL, NULL, NULL, NULL, NULL, NULL, NULL, NULL, NULL, 0, NULL, NULL, NULL, NULL, NULL, NULL, NULL, NULL, NULL, NULL, 1, NULL, NULL, NULL, NULL, NULL, NULL, NULL, NULL, NULL, NULL),
('001f46cc-96cb-4113-87ba-cc3f107fd0f5', 'M1A', 'Julius Baer', 'Crypto-backed Lombard Credit', 'BTC/crypto', 'Switzerland / Global', 'Bespoke', 'Secured', 'Case-by-case private banking facility.', '[\"https://www.juliusbaer.com/\"]', 'Quote-based (Borrow cost)', 'Bespoke', 0, NULL, NULL, '2026-01-27 09:08:57.710000', '2026-01-27 09:08:57.710000', NULL, NULL, NULL, NULL, NULL, NULL, NULL, NULL, NULL, 0, NULL, NULL, NULL, NULL, NULL, NULL, NULL, NULL, NULL, NULL, 1, NULL, NULL, NULL, NULL, NULL, NULL, NULL, NULL, NULL, NULL),
('02bdcb3f-f257-4fee-9aac-67cb6f16ef5e', 'M1A', 'Dukascopy Bank', 'Crypto Collateral Lending', 'BTC/crypto', 'Switzerland', 'Unknown', 'Secured', 'Verify liquidation mechanics per agreement.', '[\"https://www.dukascopy.com/swiss/english/crypto/\"]', 'Quote-based (Borrow cost)', 'Unknown', 0, NULL, NULL, '2026-01-27 09:08:57.706000', '2026-01-27 09:08:57.706000', NULL, NULL, NULL, NULL, NULL, NULL, NULL, NULL, NULL, 0, NULL, NULL, NULL, NULL, NULL, NULL, NULL, NULL, NULL, NULL, 1, NULL, NULL, NULL, NULL, NULL, NULL, NULL, NULL, NULL, NULL),
('0484d779-ed0b-43bb-a9e8-38c1ac2ebf36', 'M1C', 'MakerDAO / Spark', 'DAI Savings Rate', 'Protocol reserves', 'On-chain', 'None', 'Protocol claim', 'Governance-set rate.', '[\"https://spark.fi\"]', 'Variable', 'On-demand', 0, NULL, NULL, '2026-02-05 09:23:24.956000', '2026-02-05 09:23:24.956000', NULL, NULL, NULL, NULL, NULL, NULL, NULL, NULL, NULL, 0, NULL, NULL, NULL, NULL, NULL, NULL, NULL, NULL, NULL, NULL, 1, NULL, NULL, 'DeFi', 'DAI', NULL, NULL, 'None', NULL, NULL, '[\"peg\", \"smart-contract\"]'),
('06659d0f-a1a7-4021-8906-35f31f8985b2', 'M1C', 'aave-v3', 'SYRUPUSDT Pool', 'USDT', 'DeFi', 'None', 'Pool', 'TVL: $132,645,766', NULL, NULL, NULL, 0, NULL, NULL, '2026-01-30 12:32:26.463000', '2026-01-30 19:56:23.321000', NULL, NULL, NULL, NULL, NULL, NULL, NULL, NULL, NULL, 0, NULL, NULL, NULL, NULL, NULL, NULL, NULL, NULL, NULL, NULL, 1, NULL, NULL, 'DeFi', 'USDT', 'Ethereum', NULL, NULL, NULL, NULL, NULL),
('0805ee83-b1ad-4caa-8fdf-46dd3cca6f2c', 'M1A', 'Mezo × Anchorage Digital', 'MUSD BTC‑Collateralized Borrowing', 'BTC (110% collateral stated)', 'USA', 'Unknown', 'Secured', 'Institutional‑grade custody; eligibility likely Anchorage‑client only.', '[\"https://www.anchorage.com/blog/mezo-and-anchorage-digital-launch-btc-collateralized-lending-and-borrowing\"]', 'From ~1% APR (fixed)', 'Not disclosed', 0, NULL, NULL, '2026-02-06 18:54:09.876000', '2026-02-06 18:54:09.876000', NULL, NULL, NULL, NULL, NULL, NULL, NULL, NULL, NULL, 0, NULL, NULL, NULL, NULL, NULL, NULL, NULL, NULL, NULL, NULL, 1, NULL, NULL, NULL, NULL, NULL, NULL, NULL, NULL, NULL, NULL),
('09211a7d-b25f-4acf-975c-cb5e591f68cc', 'M1A', 'Dukascopy Bank', 'Crypto Collateral Lending', 'BTC/crypto', 'Switzerland', 'Unknown', 'Secured', 'Verify liquidation mechanics per agreement.', '[\"https://www.dukascopy.com/swiss/english/crypto/\"]', 'Quote-based (Borrow cost)', 'Unknown', 0, NULL, NULL, '2026-02-06 18:54:09.919000', '2026-02-06 18:54:09.919000', NULL, NULL, NULL, NULL, NULL, NULL, NULL, NULL, NULL, 0, NULL, NULL, NULL, NULL, NULL, NULL, NULL, NULL, NULL, NULL, 1, NULL, NULL, NULL, NULL, NULL, NULL, NULL, NULL, NULL, NULL),
('0a15c2e1-2780-4f87-8a55-95d06351a0df', 'M1C', 'Aave', 'Supply USDC', 'Overcollateralized pool', 'On-chain', 'None', 'Protocol claim', 'Utilization-dependent.', '[\"https://app.aave.com\"]', 'Variable', 'On-demand', 0, NULL, NULL, '2026-02-06 18:54:09.976000', '2026-02-06 18:54:09.976000', NULL, NULL, NULL, NULL, NULL, NULL, NULL, NULL, NULL, 0, NULL, NULL, NULL, NULL, NULL, NULL, NULL, NULL, NULL, NULL, 1, NULL, NULL, 'DeFi', 'USDC', 'Ethereum', NULL, 'None', NULL, NULL, '[\"smart-contract\", \"oracle\"]'),
('0bc379bb-f4b4-4f95-966e-57a3dc24d96a', 'M1B', 'Strategy Inc.', 'Convertible Notes', 'Unsecured', 'US', 'Secondary', 'Senior unsecured', 'Digital credit, not yield.', '[\"https://www.strategy.com\"]', '0% coupon', 'Dated', 0, NULL, NULL, '2026-02-05 09:23:24.946000', '2026-02-05 09:23:24.946000', NULL, NULL, NULL, NULL, NULL, NULL, NULL, NULL, NULL, 0, NULL, NULL, NULL, NULL, NULL, NULL, NULL, 0.0000, NULL, NULL, 0, NULL, NULL, NULL, NULL, NULL, NULL, NULL, NULL, NULL, NULL),
('0bdb1875-51bf-45c7-9e43-8146943e7c71', 'M1B', 'Strategy Inc.', 'STRK Preferred', 'Unsecured', 'US', 'Market', 'Preferred equity', 'Dividend not guaranteed.', '[\"https://www.strategy.com\"]', '8.0% Fixed (when declared)', 'Perpetual', 0, NULL, NULL, '2026-01-27 09:08:57.712000', '2026-01-27 09:08:57.712000', NULL, NULL, NULL, NULL, NULL, NULL, NULL, NULL, NULL, 0, NULL, NULL, NULL, NULL, NULL, NULL, 'Quarterly', NULL, NULL, NULL, 1, NULL, NULL, NULL, NULL, NULL, NULL, NULL, NULL, NULL, NULL),
('0f46e75b-23ff-464a-bc28-3dd44dd6ac74', 'M1C', 'o3-swap', 'USDC Pool', 'USDC', 'DeFi', 'Variable', 'Pool', 'TVL: $2,972,376,560', NULL, NULL, NULL, 0, NULL, NULL, '2026-01-30 12:14:17.498000', '2026-01-30 19:56:23.091000', NULL, NULL, NULL, NULL, NULL, NULL, NULL, NULL, NULL, 0, NULL, NULL, NULL, NULL, NULL, NULL, NULL, NULL, NULL, NULL, 1, NULL, NULL, 'DeFi', 'USDC', 'Gnosis', NULL, NULL, NULL, NULL, NULL),
('112982a1-d316-43d8-b812-4e5a7847f3ed', 'M1C', 'aave-v3', 'SYRUPUSDC Pool', 'USDC', 'DeFi', 'None', 'Pool', 'TVL: $114,864,845', NULL, NULL, NULL, 0, NULL, NULL, '2026-01-30 12:32:26.632000', '2026-01-30 19:56:23.340000', NULL, NULL, NULL, NULL, NULL, NULL, NULL, NULL, NULL, 0, NULL, NULL, NULL, NULL, NULL, NULL, NULL, NULL, NULL, NULL, 1, NULL, NULL, 'DeFi', 'USDC', 'Base', NULL, NULL, NULL, NULL, NULL),
('11a75cef-1801-449b-8594-8aa757b83076', 'M1A', 'Sats Terminal', 'BTC Yield & Structured Products Marketplace', 'BTC (partner‑dependent)', 'Global (structure‑dependent)', 'Varies', 'Structure‑dependent', 'Acts as distribution & analytics layer; verify underlying counterparty.', '[\"https://satsterminal.com/\"]', 'Product‑specific / variable', 'Varies by instrument', 0, NULL, NULL, '2026-02-06 18:54:09.898000', '2026-02-06 18:54:09.898000', NULL, NULL, NULL, NULL, NULL, NULL, NULL, NULL, NULL, 0, NULL, NULL, NULL, NULL, NULL, NULL, NULL, NULL, NULL, NULL, 1, NULL, NULL, NULL, NULL, NULL, NULL, NULL, NULL, NULL, NULL),
('174c7dae-86b3-4e3e-9279-53b9b1c06b48', 'M1C', 'morpho-v1', 'STEAKUSDT Pool', 'USDT', 'DeFi', 'None', 'Pool', 'TVL: $114,683,784', NULL, NULL, NULL, 0, NULL, NULL, '2026-01-30 12:32:26.648000', '2026-01-30 19:56:23.355000', NULL, NULL, NULL, NULL, NULL, NULL, NULL, NULL, NULL, 0, NULL, NULL, NULL, NULL, NULL, NULL, NULL, NULL, NULL, NULL, 1, NULL, NULL, 'DeFi', 'USDT', 'Ethereum', NULL, NULL, NULL, NULL, NULL),
('20cec258-c634-44a4-b43d-6b1a0649945e', 'M1A', 'Ledn', 'Bitcoin‑Backed Loans', 'BTC', 'Canada', 'Termed', 'Secured', 'Typical 50% LTV; confirm liquidation thresholds and custody structure.', '[\"https://ledn.io/en/bitcoin-backed-loans\"]', '11.9% APR (borrow cost)', 'Termed', 0, NULL, NULL, '2026-01-27 09:08:57.669000', '2026-01-27 09:08:57.669000', 50.00, NULL, NULL, NULL, NULL, NULL, NULL, NULL, NULL, 0, NULL, NULL, NULL, NULL, NULL, NULL, NULL, NULL, NULL, NULL, 1, NULL, NULL, NULL, NULL, NULL, NULL, NULL, NULL, NULL, NULL),
('237718cf-0b69-4dfd-9a6e-c84293c97325', 'M1B', 'Metaplanet Inc.', 'Zero-Coupon Bonds', 'Unsecured', 'Japan', 'Secondary', 'Senior unsecured', 'Issued to acquire BTC.', '[\"https://metaplanet.jp\"]', '0%', 'Dated', 0, NULL, NULL, '2026-02-06 18:54:09.960000', '2026-02-06 18:54:09.960000', NULL, NULL, NULL, NULL, NULL, NULL, NULL, NULL, NULL, 0, NULL, NULL, NULL, NULL, NULL, NULL, NULL, 0.0000, NULL, NULL, 0, NULL, NULL, NULL, NULL, NULL, NULL, NULL, NULL, NULL, NULL),
('25b2c047-1e0a-49dc-8b43-e2a5554ce45c', 'M1A', 'Abra', 'Bitcoin‑Backed Loans (Abra Borrow)', 'BTC collateral', 'USA (entity‑dependent)', 'Termed', 'Secured', 'Availability varies by jurisdiction; confirm current program status.', '[\"https://www.abra.com/\"]', 'Historically ~3–8% APR (not guaranteed)', 'Termed / flexible', 0, NULL, NULL, '2026-02-05 09:23:24.916000', '2026-02-05 09:23:24.916000', NULL, NULL, NULL, NULL, NULL, NULL, NULL, NULL, NULL, 0, NULL, NULL, NULL, NULL, NULL, NULL, NULL, NULL, NULL, NULL, 1, NULL, NULL, NULL, NULL, NULL, NULL, NULL, NULL, NULL, NULL),
('27dc195b-ff33-422d-8306-518bab1263d5', 'M1A', 'Aave (DeFi)', 'Borrow USDC against WBTC (Aave v3)', 'WBTC', 'On‑chain', 'None', 'Protocol claim', 'Smart‑contract, oracle and WBTC custodian risk apply.', '[\"https://app.aave.com/\"]', 'Variable (market‑driven)', 'On‑demand', 0, NULL, NULL, '2026-01-27 09:08:57.698000', '2026-01-27 09:08:57.698000', NULL, NULL, NULL, NULL, NULL, NULL, NULL, NULL, NULL, 0, NULL, NULL, NULL, NULL, NULL, NULL, NULL, NULL, NULL, NULL, 1, NULL, NULL, NULL, NULL, NULL, NULL, NULL, NULL, NULL, NULL),
('29328cde-3ff5-459f-aefd-b6392d8a6015', 'M1B', 'Metaplanet Inc.', 'Zero-Coupon Bonds', 'Unsecured', 'Japan', 'Secondary', 'Senior unsecured', 'Issued to acquire BTC.', '[\"https://metaplanet.jp\"]', '0%', 'Dated', 0, NULL, NULL, '2026-02-05 09:23:24.950000', '2026-02-05 09:23:24.950000', NULL, NULL, NULL, NULL, NULL, NULL, NULL, NULL, NULL, 0, NULL, NULL, NULL, NULL, NULL, NULL, NULL, 0.0000, NULL, NULL, 0, NULL, NULL, NULL, NULL, NULL, NULL, NULL, NULL, NULL, NULL),
('2934d846-47b8-4f5b-90d0-4a04a994c323', 'M1C', 'Aave', 'Supply USDC', 'Overcollateralized pool', 'On-chain', 'None', 'Protocol claim', 'Utilization-dependent.', '[\"https://app.aave.com\"]', 'Variable', 'On-demand', 0, NULL, NULL, '2026-01-27 09:08:57.732000', '2026-01-27 09:08:57.732000', NULL, NULL, NULL, NULL, NULL, NULL, NULL, NULL, NULL, 0, NULL, NULL, NULL, NULL, NULL, NULL, NULL, NULL, NULL, NULL, 1, NULL, NULL, 'DeFi', 'USDC', 'Ethereum', NULL, 'None', NULL, NULL, '[\"smart-contract\", \"oracle\"]'),
('2970f8fa-1a31-4c37-a4a5-1056a7805275', 'M1C', 'fluid-lending', 'USDC Pool', 'USDC', 'DeFi', 'None', 'Pool', 'TVL: $377,849,916', NULL, NULL, NULL, 0, NULL, NULL, '2026-01-30 12:32:26.488000', '2026-01-30 19:56:23.210000', NULL, NULL, NULL, NULL, NULL, NULL, NULL, NULL, NULL, 0, NULL, NULL, NULL, NULL, NULL, NULL, NULL, NULL, NULL, NULL, 1, NULL, NULL, 'DeFi', 'USDC', 'Ethereum', NULL, NULL, NULL, NULL, NULL),
('2a559ce8-7452-4708-9bc1-181aa475bd6b', 'M1C', 'Maple Finance', 'Cash Management Pool', 'RWA (T-bills)', 'On-chain', '~24h', 'Protocol/vehicle claim', 'Eligibility applies.', '[\"https://maple.finance\"]', 'Variable', 'On-demand', 0, NULL, NULL, '2026-02-05 09:23:24.969000', '2026-02-05 09:23:24.969000', NULL, NULL, NULL, NULL, NULL, NULL, NULL, NULL, NULL, 0, NULL, NULL, NULL, NULL, NULL, NULL, NULL, NULL, NULL, NULL, 1, NULL, NULL, 'RWA', 'USDC', NULL, NULL, '24 hours', NULL, NULL, '[\"counterparty\", \"liquidity\"]'),
('2b3ea2e6-2a8b-4d76-8ce8-aecffbaa6cfd', 'M1C', 'avantis', 'USDC Pool', 'USDC', 'DeFi', 'None', 'Pool', 'TVL: $100,091,955', NULL, NULL, NULL, 0, NULL, NULL, '2026-01-30 12:32:26.657000', '2026-01-30 19:56:23.365000', NULL, NULL, NULL, NULL, NULL, NULL, NULL, NULL, NULL, 0, NULL, NULL, NULL, NULL, NULL, NULL, NULL, NULL, NULL, NULL, 1, NULL, NULL, 'DeFi', 'USDC', 'Base', NULL, NULL, NULL, NULL, NULL),
('2ba85532-ae35-4598-9ea6-a2ecbaea9caa', 'M1A', 'Sats Terminal', 'BTC Yield & Structured Products Marketplace', 'BTC (partner‑dependent)', 'Global (structure‑dependent)', 'Varies', 'Structure‑dependent', 'Acts as distribution & analytics layer; verify underlying counterparty.', '[\"https://satsterminal.com/\"]', 'Product‑specific / variable', 'Varies by instrument', 0, NULL, NULL, '2026-01-27 09:08:57.696000', '2026-01-27 09:08:57.696000', NULL, NULL, NULL, NULL, NULL, NULL, NULL, NULL, NULL, 0, NULL, NULL, NULL, NULL, NULL, NULL, NULL, NULL, NULL, NULL, 1, NULL, NULL, NULL, NULL, NULL, NULL, NULL, NULL, NULL, NULL),
('2cd80ef7-af3d-4dba-ac05-c9b5f2c9c8a9', 'M1A', 'SALT Lending', 'Crypto‑Backed Loans', 'BTC & supported crypto', 'USA', 'Termed', 'Secured', 'APR varies by LTV; liquidation rules must be confirmed in loan docs.', '[\"https://saltlending.com\"]', '9.95–14.45% APR', 'Up to 12 months', 0, NULL, NULL, '2026-01-27 09:08:57.681000', '2026-01-27 09:08:57.681000', NULL, NULL, NULL, NULL, NULL, NULL, NULL, NULL, NULL, 0, NULL, NULL, NULL, NULL, NULL, NULL, NULL, NULL, NULL, NULL, 1, NULL, NULL, NULL, NULL, NULL, NULL, NULL, NULL, NULL, NULL),
('30c78a9b-95aa-4a6a-a24c-31cbd488c1df', 'M1C', 'Aave', 'Supply USDC', 'Overcollateralized pool', 'On-chain', 'None', 'Protocol claim', 'Utilization-dependent.', '[\"https://app.aave.com\"]', 'Variable', 'On-demand', 0, NULL, NULL, '2026-02-05 09:23:24.959000', '2026-02-05 09:23:24.959000', NULL, NULL, NULL, NULL, NULL, NULL, NULL, NULL, NULL, 0, NULL, NULL, NULL, NULL, NULL, NULL, NULL, NULL, NULL, NULL, 1, NULL, NULL, 'DeFi', 'USDC', 'Ethereum', NULL, 'None', NULL, NULL, '[\"smart-contract\", \"oracle\"]'),
('346fdefc-715d-4728-b45f-f49045eba776', 'M1C', 'MakerDAO / Spark', 'DAI Savings Rate', 'Protocol reserves', 'On-chain', 'None', 'Protocol claim', 'Governance-set rate.', '[\"https://spark.fi\"]', 'Variable', 'On-demand', 0, NULL, NULL, '2026-02-06 18:54:09.971000', '2026-02-06 18:54:09.971000', NULL, NULL, NULL, NULL, NULL, NULL, NULL, NULL, NULL, 0, NULL, NULL, NULL, NULL, NULL, NULL, NULL, NULL, NULL, NULL, 1, NULL, NULL, 'DeFi', 'DAI', NULL, NULL, 'None', NULL, NULL, '[\"peg\", \"smart-contract\"]'),
('34a32591-f83b-429a-b7ca-b502f80aa161', 'M1C', 'aave-v3', 'USDC Pool', 'USDC', 'DeFi', 'None', 'Pool', 'TVL: $361,761,170', NULL, NULL, NULL, 0, NULL, NULL, '2026-01-30 12:32:26.527000', '2026-01-30 19:56:23.226000', NULL, NULL, NULL, NULL, NULL, NULL, NULL, NULL, NULL, 0, NULL, NULL, NULL, NULL, NULL, NULL, NULL, NULL, NULL, NULL, 1, NULL, NULL, 'DeFi', 'USDC', 'Ethereum', NULL, NULL, NULL, NULL, NULL),
('353d3d21-b26f-4b3d-92df-3105f0b429f6', 'M1A', 'Unchained Capital', 'Bitcoin‑Backed Loans (Multi‑Sig)', 'BTC (2‑of‑3 multisig)', 'USA', 'Termed', 'Secured', 'Client retains one key; confirm fees, margin calls and liquidation logic.', '[\"https://unchained.com/loans\"]', 'Not publicly disclosed', '90–360 days', 0, 'Rates not publicly disclosed; application required.', NULL, '2026-01-27 09:08:57.677000', '2026-01-27 09:08:57.677000', NULL, NULL, NULL, NULL, NULL, NULL, NULL, NULL, NULL, 0, NULL, NULL, NULL, NULL, NULL, NULL, NULL, NULL, NULL, NULL, 1, NULL, NULL, NULL, NULL, NULL, NULL, NULL, NULL, NULL, NULL),
('3729987e-08bf-42d4-8d1d-d8dd65576c6d', 'M1C', 'merkl', 'USDT Pool', 'USDT', 'DeFi', 'None', 'Pool', 'TVL: $114,686,924', NULL, NULL, NULL, 0, NULL, NULL, '2026-01-30 12:32:26.548000', '2026-01-30 19:56:23.350000', NULL, NULL, NULL, NULL, NULL, NULL, NULL, NULL, NULL, 0, NULL, NULL, NULL, NULL, NULL, NULL, NULL, NULL, NULL, NULL, 1, NULL, NULL, 'DeFi', 'USDT', 'Ethereum', NULL, NULL, NULL, NULL, NULL),
('3785e23d-bcaf-44fd-b0fa-bd238f2bb7b2', 'M1A', 'Ledn', 'Bitcoin‑Backed Loans', 'BTC', 'Canada', 'Termed', 'Secured', 'Typical 50% LTV; confirm liquidation thresholds and custody structure.', '[\"https://ledn.io/en/bitcoin-backed-loans\"]', '11.9% APR (borrow cost)', 'Termed', 0, NULL, NULL, '2026-02-05 09:23:24.890000', '2026-02-05 09:23:24.890000', 50.00, NULL, NULL, NULL, NULL, NULL, NULL, NULL, NULL, 0, NULL, NULL, NULL, NULL, NULL, NULL, NULL, NULL, NULL, NULL, 1, NULL, NULL, NULL, NULL, NULL, NULL, NULL, NULL, NULL, NULL),
('3787e45a-54bd-4399-87b6-b49c3548c9a6', 'M1C', 'Binance', 'Simple Earn USDC', 'Unsecured', 'Global', 'Flexible', 'Unsecured', 'Promo tiers apply.', '[\"https://www.binance.com\"]', 'Promo / Variable', 'Flexible', 1, NULL, NULL, '2026-02-05 09:23:24.966000', '2026-02-05 09:23:24.966000', NULL, NULL, NULL, NULL, NULL, NULL, NULL, NULL, NULL, 0, NULL, NULL, NULL, NULL, NULL, NULL, NULL, NULL, NULL, NULL, 1, NULL, NULL, 'CeFi', 'USDC', NULL, NULL, 'None', NULL, NULL, '[\"counterparty\", \"promo\"]'),
('3801cde4-7d74-44d4-93a3-6a0f551e1aaf', 'M1C', 'aave-v3', 'USDT Pool', 'USDT', 'DeFi', 'None', 'Pool', 'TVL: $1,649,153,657', NULL, NULL, NULL, 0, NULL, NULL, '2026-01-30 12:32:26.426000', '2026-01-30 19:56:23.118000', NULL, NULL, NULL, NULL, NULL, NULL, NULL, NULL, NULL, 0, NULL, NULL, NULL, NULL, NULL, NULL, NULL, NULL, NULL, NULL, 1, NULL, NULL, 'DeFi', 'USDT', 'Ethereum', NULL, NULL, NULL, NULL, NULL),
('416ef782-bfa4-4c9f-8314-8d32dd9c25fc', 'M1A', 'Abra', 'Bitcoin‑Backed Loans (Abra Borrow)', 'BTC collateral', 'USA (entity‑dependent)', 'Termed', 'Secured', 'Availability varies by jurisdiction; confirm current program status.', '[\"https://www.abra.com/\"]', 'Historically ~3–8% APR (not guaranteed)', 'Termed / flexible', 0, NULL, NULL, '2026-01-27 09:08:57.693000', '2026-01-27 09:08:57.693000', NULL, NULL, NULL, NULL, NULL, NULL, NULL, NULL, NULL, 0, NULL, NULL, NULL, NULL, NULL, NULL, NULL, NULL, NULL, NULL, 1, NULL, NULL, NULL, NULL, NULL, NULL, NULL, NULL, NULL, NULL),
('43041851-93ad-47bd-829b-3fd943f55518', 'M1A', 'Arch Lending', 'Bitcoin & Crypto Loans', 'BTC / ETH / SOL', 'USA', 'Unknown', 'Secured', 'Rates visible only post‑application; suitable for calculator ingestion.', '[\"https://archlending.com/\"]', 'Not disclosed', 'Not disclosed', 0, 'Rates visible only post‑application.', NULL, '2026-02-06 18:54:09.888000', '2026-02-06 18:54:09.888000', NULL, NULL, NULL, NULL, NULL, NULL, NULL, NULL, NULL, 0, NULL, NULL, NULL, NULL, NULL, NULL, NULL, NULL, NULL, NULL, 1, NULL, NULL, NULL, NULL, NULL, NULL, NULL, NULL, NULL, NULL),
('431551bd-28fe-4570-aa40-7ce9b7a73e95', 'M1A', 'Mezo × Anchorage Digital', 'MUSD BTC‑Collateralized Borrowing', 'BTC (110% collateral stated)', 'USA', 'Unknown', 'Secured', 'Institutional‑grade custody; eligibility likely Anchorage‑client only.', '[\"https://www.anchorage.com/blog/mezo-and-anchorage-digital-launch-btc-collateralized-lending-and-borrowing\"]', 'From ~1% APR (fixed)', 'Not disclosed', 0, NULL, NULL, '2026-01-27 09:08:57.684000', '2026-01-27 09:08:57.684000', NULL, NULL, NULL, NULL, NULL, NULL, NULL, NULL, NULL, 0, NULL, NULL, NULL, NULL, NULL, NULL, NULL, NULL, NULL, NULL, 1, NULL, NULL, NULL, NULL, NULL, NULL, NULL, NULL, NULL, NULL),
('4d45bac5-7631-47aa-addb-143c8d81c6ce', 'M1A', 'Unchained Capital', 'Bitcoin‑Backed Loans (Multi‑Sig)', 'BTC (2‑of‑3 multisig)', 'USA', 'Termed', 'Secured', 'Client retains one key; confirm fees, margin calls and liquidation logic.', '[\"https://unchained.com/loans\"]', 'Not publicly disclosed', '90–360 days', 0, 'Rates not publicly disclosed; application required.', NULL, '2026-02-06 18:54:09.864000', '2026-02-06 18:54:09.864000', NULL, NULL, NULL, NULL, NULL, NULL, NULL, NULL, NULL, 0, NULL, NULL, NULL, NULL, NULL, NULL, NULL, NULL, NULL, NULL, 1, NULL, NULL, NULL, NULL, NULL, NULL, NULL, NULL, NULL, NULL),
('4ea1409e-d600-4ed6-9c4d-d5761234270d', 'M1C', 'Coinbase', 'USDC Rewards', 'Unsecured', 'US', 'None', 'Unsecured', 'Program-based rewards.', '[\"https://www.coinbase.com\"]', 'Variable', 'On-demand', 0, NULL, NULL, '2026-02-05 09:23:24.962000', '2026-02-05 09:23:24.962000', NULL, NULL, NULL, NULL, NULL, NULL, NULL, NULL, NULL, 0, NULL, NULL, NULL, NULL, NULL, NULL, NULL, NULL, NULL, NULL, 1, NULL, NULL, 'CeFi', 'USDC', NULL, NULL, 'None', NULL, NULL, '[\"counterparty\"]'),
('515fc863-df2b-4441-bc0a-26150b5c1aff', 'M1B', 'Strategy Inc.', 'STRE Preferred', 'Unsecured', 'US / EU', 'Market', 'Preferred equity', 'Confirm ranking among series.', '[\"https://www.strategy.com\"]', '10.0% (per terms)', 'Perpetual', 0, NULL, NULL, '2026-02-06 18:54:09.945000', '2026-02-06 18:54:09.945000', NULL, NULL, NULL, NULL, NULL, NULL, NULL, NULL, NULL, 0, NULL, NULL, NULL, NULL, NULL, NULL, 'Quarterly', NULL, NULL, NULL, 1, NULL, NULL, NULL, NULL, NULL, NULL, NULL, NULL, NULL, NULL),
('591e879e-99d6-49a4-a3bd-371caea910be', 'M1A', 'Aave (DeFi)', 'Borrow USDC against WBTC (Aave v3)', 'WBTC', 'On‑chain', 'None', 'Protocol claim', 'Smart‑contract, oracle and WBTC custodian risk apply.', '[\"https://app.aave.com/\"]', 'Variable (market‑driven)', 'On‑demand', 0, NULL, NULL, '2026-02-06 18:54:09.903000', '2026-02-06 18:54:09.903000', NULL, NULL, NULL, NULL, NULL, NULL, NULL, NULL, NULL, 0, NULL, NULL, NULL, NULL, NULL, NULL, NULL, NULL, NULL, NULL, 1, NULL, NULL, NULL, NULL, NULL, NULL, NULL, NULL, NULL, NULL),
('5eadbd78-916e-406d-868a-4f3128ee44c2', 'M1A', 'Dukascopy Bank', 'Crypto Collateral Lending', 'BTC/crypto', 'Switzerland', 'Unknown', 'Secured', 'Verify liquidation mechanics per agreement.', '[\"https://www.dukascopy.com/swiss/english/crypto/\"]', 'Quote-based (Borrow cost)', 'Unknown', 0, NULL, NULL, '2026-02-05 09:23:24.931000', '2026-02-05 09:23:24.931000', NULL, NULL, NULL, NULL, NULL, NULL, NULL, NULL, NULL, 0, NULL, NULL, NULL, NULL, NULL, NULL, NULL, NULL, NULL, NULL, 1, NULL, NULL, NULL, NULL, NULL, NULL, NULL, NULL, NULL, NULL),
('5f0d6dfc-1b01-48b6-a16e-ff6341cac766', 'M1B', 'Metaplanet Inc.', 'BTC-backed Borrowings', 'BTC', 'Japan', 'Termed', 'Secured', 'BTC used as collateral; no public rates.', '[\"https://metaplanet.jp\"]', '9', 'Termed', 0, 'No public rates disclosed.', NULL, '2026-01-27 09:08:57.726000', '2026-01-30 11:48:42.649000', NULL, NULL, NULL, NULL, NULL, NULL, NULL, NULL, NULL, 0, NULL, NULL, NULL, NULL, NULL, NULL, NULL, NULL, NULL, NULL, 1, NULL, NULL, NULL, NULL, NULL, NULL, NULL, NULL, NULL, NULL),
('5fdc889e-d68f-4c1e-8ab2-0629cfc5305d', 'M1A', 'Galaxy Digital', 'Institutional Lending Desk', 'Crypto collateral', 'USA / Global', 'Deal‑specific', 'Contractual', 'Institutional desk; requires per‑deal term sheet ingestion.', '[\"https://www.galaxy.com/services/lending/\"]', 'Quote‑based', 'Bespoke', 0, NULL, NULL, '2026-02-06 18:54:09.882000', '2026-02-06 18:54:09.882000', NULL, NULL, NULL, NULL, NULL, NULL, NULL, NULL, NULL, 0, NULL, NULL, NULL, NULL, NULL, NULL, NULL, NULL, NULL, NULL, 1, NULL, NULL, NULL, NULL, NULL, NULL, NULL, NULL, NULL, NULL),
('61b05f27-b3eb-49a4-9bc9-a8928207f3d1', 'M1C', 'sky-lending', 'DAI Pool', 'DAI', 'DeFi', 'None', 'Pool', 'TVL: $252,362,945', NULL, NULL, NULL, 0, NULL, NULL, '2026-01-30 12:32:26.539000', '2026-01-30 19:56:23.250000', NULL, NULL, NULL, NULL, NULL, NULL, NULL, NULL, NULL, 0, NULL, NULL, NULL, NULL, NULL, NULL, NULL, NULL, NULL, NULL, 1, NULL, NULL, 'DeFi', 'DAI', 'Ethereum', NULL, NULL, NULL, NULL, NULL),
('6883104a-bdee-40cc-b0f5-f3236eebdbf7', 'M1C', 'morpho-v1', 'GTUSDC Pool', 'USDC', 'DeFi', 'None', 'Pool', 'TVL: $167,186,788', NULL, NULL, NULL, 0, NULL, NULL, '2026-01-30 12:32:26.578000', '2026-01-30 19:56:23.296000', NULL, NULL, NULL, NULL, NULL, NULL, NULL, NULL, NULL, 0, NULL, NULL, NULL, NULL, NULL, NULL, NULL, NULL, NULL, NULL, 1, NULL, NULL, 'DeFi', 'USDC', 'Ethereum', NULL, NULL, NULL, NULL, NULL),
('68a63196-4719-45cd-acd8-4b22b70139e8', 'M1C', 'spark-savings', 'USDC Pool', 'USDC', 'DeFi', 'None', 'Pool', 'TVL: $149,548,431', NULL, NULL, NULL, 0, NULL, NULL, '2026-01-30 12:32:26.572000', '2026-01-30 19:56:23.306000', NULL, NULL, NULL, NULL, NULL, NULL, NULL, NULL, NULL, 0, NULL, NULL, NULL, NULL, NULL, NULL, NULL, NULL, NULL, NULL, 1, NULL, NULL, 'DeFi', 'USDC', 'Avalanche', NULL, NULL, NULL, NULL, NULL),
('6c380bdd-6412-4451-bc25-5654e6039f49', 'M1C', 'spark-savings', 'USDT Pool', 'USDT', 'DeFi', 'None', 'Pool', 'TVL: $121,087,231', NULL, NULL, NULL, 0, NULL, NULL, '2026-01-30 12:32:26.602000', '2026-01-30 19:56:23.336000', NULL, NULL, NULL, NULL, NULL, NULL, NULL, NULL, NULL, 0, NULL, NULL, NULL, NULL, NULL, NULL, NULL, NULL, NULL, NULL, 1, NULL, NULL, 'DeFi', 'USDT', 'Ethereum', NULL, NULL, NULL, NULL, NULL),
('6ca6ac3f-5b4d-4570-94a7-64ec1149d632', 'M1C', 'morpho-v1', 'GTUSDCP Pool', 'USDC', 'DeFi', 'None', 'Pool', 'TVL: $351,882,400', NULL, NULL, NULL, 0, NULL, NULL, '2026-01-30 12:32:26.522000', '2026-01-30 19:56:23.236000', NULL, NULL, NULL, NULL, NULL, NULL, NULL, NULL, NULL, 0, NULL, NULL, NULL, NULL, NULL, NULL, NULL, NULL, NULL, NULL, 1, NULL, NULL, 'DeFi', 'USDC', 'Base', NULL, NULL, NULL, NULL, NULL),
('6e352271-c209-4b87-bad5-1d45335ee0e7', 'M1C', 'Maple Finance', 'Cash Management Pool', 'RWA (T-bills)', 'On-chain', '~24h', 'Protocol/vehicle claim', 'Eligibility applies.', '[\"https://maple.finance\"]', 'Variable', 'On-demand', 0, NULL, NULL, '2026-01-27 09:08:57.740000', '2026-01-27 09:08:57.740000', NULL, NULL, NULL, NULL, NULL, NULL, NULL, NULL, NULL, 0, NULL, NULL, NULL, NULL, NULL, NULL, NULL, NULL, NULL, NULL, 1, NULL, NULL, 'RWA', 'USDC', NULL, NULL, '24 hours', NULL, NULL, '[\"counterparty\", \"liquidity\"]'),
('7567cd41-d13f-4490-b383-6c9164308410', 'M1A', 'Sygnum Bank', 'Crypto Lombard Loan', 'BTC', 'Switzerland', 'Termed', 'Secured', 'Explicit BTC Lombard lending.', '[\"https://www.sygnum.com/products/credit/\"]', 'Quote-based (Borrow cost)', 'Termed / revolving', 0, NULL, NULL, '2026-02-06 18:54:09.909000', '2026-02-06 18:54:09.909000', NULL, NULL, NULL, NULL, NULL, NULL, NULL, NULL, NULL, 0, NULL, NULL, NULL, NULL, NULL, NULL, NULL, NULL, NULL, NULL, 1, NULL, NULL, NULL, NULL, NULL, NULL, NULL, NULL, NULL, NULL),
('7b6930c2-d793-414d-8bfd-8f6b53151619', 'M1A', 'Sygnum Bank', 'Crypto Lombard Loan', 'BTC', 'Switzerland', 'Termed', 'Secured', 'Explicit BTC Lombard lending.', '[\"https://www.sygnum.com/products/credit/\"]', 'Quote-based (Borrow cost)', 'Termed / revolving', 0, NULL, NULL, '2026-02-05 09:23:24.926000', '2026-02-05 09:23:24.926000', NULL, NULL, NULL, NULL, NULL, NULL, NULL, NULL, NULL, 0, NULL, NULL, NULL, NULL, NULL, NULL, NULL, NULL, NULL, NULL, 1, NULL, NULL, NULL, NULL, NULL, NULL, NULL, NULL, NULL, NULL),
('7d9772ce-63c7-4c5c-907f-f9ba4bfda65e', 'M1B', 'Metaplanet Inc.', 'Zero-Coupon Bonds', 'Unsecured', 'Japan', 'Secondary', 'Senior unsecured', 'Issued to acquire BTC.', '[\"https://metaplanet.jp\"]', '0%', 'Dated', 0, NULL, NULL, '2026-01-27 09:08:57.723000', '2026-01-27 09:08:57.723000', NULL, NULL, NULL, NULL, NULL, NULL, NULL, NULL, NULL, 0, NULL, NULL, NULL, NULL, NULL, NULL, NULL, 0.0000, NULL, NULL, 0, NULL, NULL, NULL, NULL, NULL, NULL, NULL, NULL, NULL, NULL),
('7f3c5bb7-8ac5-4542-9075-eafb92db5f19', 'M1A', 'AMINA Bank', 'Crypto-Backed Loans', 'BTC', 'Switzerland', 'Termed', 'Secured', 'Regulated crypto bank offering BTC-backed loans.', '[\"https://aminagroup.com/products/crypto-backed-loans/\"]', 'Quote-based (Borrow cost)', 'Termed / revolving', 0, NULL, NULL, '2026-02-05 09:23:24.928000', '2026-02-05 09:23:24.928000', NULL, NULL, NULL, NULL, NULL, NULL, NULL, NULL, NULL, 0, NULL, NULL, NULL, NULL, NULL, NULL, NULL, NULL, NULL, NULL, 1, NULL, NULL, NULL, NULL, NULL, NULL, NULL, NULL, NULL, NULL),
('824a7cfb-0b3d-4f58-b774-98376ee22d06', 'M1A', 'AMINA Bank', 'Crypto-Backed Loans', 'BTC', 'Switzerland', 'Termed', 'Secured', 'Regulated crypto bank offering BTC-backed loans.', '[\"https://aminagroup.com/products/crypto-backed-loans/\"]', 'Quote-based (Borrow cost)', 'Termed / revolving', 0, NULL, NULL, '2026-02-06 18:54:09.914000', '2026-02-06 18:54:09.914000', NULL, NULL, NULL, NULL, NULL, NULL, NULL, NULL, NULL, 0, NULL, NULL, NULL, NULL, NULL, NULL, NULL, NULL, NULL, NULL, 1, NULL, NULL, NULL, NULL, NULL, NULL, NULL, NULL, NULL, NULL),
('82b3ad76-a471-4126-bd24-b6a8af514a7c', 'M1C', 'MakerDAO / Spark', 'DAI Savings Rate', 'Protocol reserves', 'On-chain', 'None', 'Protocol claim', 'Governance-set rate.', '[\"https://spark.fi\"]', 'Variable', 'On-demand', 0, NULL, NULL, '2026-01-27 09:08:57.729000', '2026-01-27 09:08:57.729000', NULL, NULL, NULL, NULL, NULL, NULL, NULL, NULL, NULL, 0, NULL, NULL, NULL, NULL, NULL, NULL, NULL, NULL, NULL, NULL, 1, NULL, NULL, 'DeFi', 'DAI', NULL, NULL, 'None', NULL, NULL, '[\"peg\", \"smart-contract\"]'),
('87cf879b-3e28-4754-a58d-83cc559d4376', 'M1C', 'merkl', 'USDC Pool', 'USDC', 'DeFi', 'None', 'Pool', 'TVL: $126,780,901', NULL, NULL, NULL, 0, NULL, NULL, '2026-01-30 12:32:26.432000', '2026-01-30 19:56:23.326000', NULL, NULL, NULL, NULL, NULL, NULL, NULL, NULL, NULL, 0, NULL, NULL, NULL, NULL, NULL, NULL, NULL, NULL, NULL, NULL, 1, NULL, NULL, 'DeFi', 'USDC', 'Arbitrum', NULL, NULL, NULL, NULL, NULL),
('89410cfd-6e32-41ef-8f01-f1acdb45c1fc', 'M1A', 'Galaxy Digital', 'Institutional Lending Desk', 'Crypto collateral', 'USA / Global', 'Deal‑specific', 'Contractual', 'Institutional desk; requires per‑deal term sheet ingestion.', '[\"https://www.galaxy.com/services/lending/\"]', 'Quote‑based', 'Bespoke', 0, NULL, NULL, '2026-02-05 09:23:24.910000', '2026-02-05 09:23:24.910000', NULL, NULL, NULL, NULL, NULL, NULL, NULL, NULL, NULL, 0, NULL, NULL, NULL, NULL, NULL, NULL, NULL, NULL, NULL, NULL, 1, NULL, NULL, NULL, NULL, NULL, NULL, NULL, NULL, NULL, NULL),
('8d4a3e88-029f-4da6-9fef-8497565198a6', 'M1B', 'Strategy Inc.', 'STRK Preferred', 'Unsecured', 'US', 'Market', 'Preferred equity', 'Dividend not guaranteed.', '[\"https://www.strategy.com\"]', '8.0% Fixed (when declared)', 'Perpetual', 0, NULL, NULL, '2026-02-05 09:23:24.937000', '2026-02-05 09:23:24.937000', NULL, NULL, NULL, NULL, NULL, NULL, NULL, NULL, NULL, 0, NULL, NULL, NULL, NULL, NULL, NULL, 'Quarterly', NULL, NULL, NULL, 1, NULL, NULL, NULL, NULL, NULL, NULL, NULL, NULL, NULL, NULL),
('8d71c4b2-2604-40ee-8576-e9e5540578ab', 'M1C', 'fluid-lending', 'USDT Pool', 'USDT', 'DeFi', 'None', 'Pool', 'TVL: $188,856,404', NULL, NULL, NULL, 0, NULL, NULL, '2026-01-30 12:32:26.552000', '2026-01-30 19:56:23.260000', NULL, NULL, NULL, NULL, NULL, NULL, NULL, NULL, NULL, 0, NULL, NULL, NULL, NULL, NULL, NULL, NULL, NULL, NULL, NULL, 1, NULL, NULL, 'DeFi', 'USDT', 'Ethereum', NULL, NULL, NULL, NULL, NULL),
('8e309a3d-8d04-43a9-9b7f-8121374de4c8', 'M1C', 'Maple Finance', 'Cash Management Pool', 'RWA (T-bills)', 'On-chain', '~24h', 'Protocol/vehicle claim', 'Eligibility applies.', '[\"https://maple.finance\"]', 'Variable', 'On-demand', 0, NULL, NULL, '2026-02-06 18:54:10.087000', '2026-02-06 18:54:10.087000', NULL, NULL, NULL, NULL, NULL, NULL, NULL, NULL, NULL, 0, NULL, NULL, NULL, NULL, NULL, NULL, NULL, NULL, NULL, NULL, 1, NULL, NULL, 'RWA', 'USDC', NULL, NULL, '24 hours', NULL, NULL, '[\"counterparty\", \"liquidity\"]'),
('90ccd883-daca-4bb5-8780-22fc7caeff80', 'M1A', 'Sats Terminal', 'BTC Yield & Structured Products Marketplace', 'BTC (partner‑dependent)', 'Global (structure‑dependent)', 'Varies', 'Structure‑dependent', 'Acts as distribution & analytics layer; verify underlying counterparty.', '[\"https://satsterminal.com/\"]', 'Product‑specific / variable', 'Varies by instrument', 0, NULL, NULL, '2026-02-05 09:23:24.920000', '2026-02-05 09:23:24.920000', NULL, NULL, NULL, NULL, NULL, NULL, NULL, NULL, NULL, 0, NULL, NULL, NULL, NULL, NULL, NULL, NULL, NULL, NULL, NULL, 1, NULL, NULL, NULL, NULL, NULL, NULL, NULL, NULL, NULL, NULL),
('9329d580-f895-4d20-b840-945a4336624d', 'M1C', 'maple', 'USDT Pool', 'USDT', 'DeFi', 'None', 'Pool', 'TVL: $1,686,374,761', NULL, NULL, NULL, 0, NULL, NULL, '2026-01-30 12:32:26.418000', '2026-01-30 19:56:23.110000', NULL, NULL, NULL, NULL, NULL, NULL, NULL, NULL, NULL, 0, NULL, NULL, NULL, NULL, NULL, NULL, NULL, NULL, NULL, NULL, 1, NULL, NULL, 'DeFi', 'USDT', 'Ethereum', NULL, NULL, NULL, NULL, NULL),
('97d77942-3b86-476c-a6fd-a5527a0194d5', 'M1C', 'merkl', 'AETHUSDTB Pool', 'USDT', 'DeFi', 'None', 'Pool', 'TVL: $140,825,504', NULL, NULL, NULL, 0, NULL, NULL, '2026-01-30 12:32:26.607000', '2026-01-30 19:56:23.311000', NULL, NULL, NULL, NULL, NULL, NULL, NULL, NULL, NULL, 0, NULL, NULL, NULL, NULL, NULL, NULL, NULL, NULL, NULL, NULL, 1, NULL, NULL, 'DeFi', 'USDT', 'Ethereum', NULL, NULL, NULL, NULL, NULL),
('99c116bf-b8c4-4df0-8ab0-28cc993ec466', 'M1B', 'Metaplanet Inc.', 'BTC-backed Borrowings', 'BTC', 'Japan', 'Termed', 'Secured', 'BTC used as collateral; no public rates.', '[\"https://metaplanet.jp\"]', 'Unknown', 'Termed', 0, 'No public rates disclosed.', NULL, '2026-02-06 18:54:09.965000', '2026-02-06 18:54:09.965000', NULL, NULL, NULL, NULL, NULL, NULL, NULL, NULL, NULL, 0, NULL, NULL, NULL, NULL, NULL, NULL, NULL, NULL, NULL, NULL, 1, NULL, NULL, NULL, NULL, NULL, NULL, NULL, NULL, NULL, NULL),
('9f742f8d-3a72-4ba7-a425-a515f94fb5ca', 'M1C', 'maple', 'USDC Pool', 'USDC', 'DeFi', 'None', 'Pool', 'TVL: $2,825,709,791', NULL, NULL, NULL, 0, NULL, NULL, '2026-01-30 12:14:17.515000', '2026-01-30 19:56:23.099000', NULL, NULL, NULL, NULL, NULL, NULL, NULL, NULL, NULL, 0, NULL, NULL, NULL, NULL, NULL, NULL, NULL, NULL, NULL, NULL, 1, NULL, NULL, 'DeFi', 'USDC', 'Ethereum', NULL, NULL, NULL, NULL, NULL),
('a02481f4-fa1f-4e3a-b35e-d32f155747da', 'M1A', 'Julius Baer', 'Crypto-backed Lombard Credit', 'BTC/crypto', 'Switzerland / Global', 'Bespoke', 'Secured', 'Case-by-case private banking facility.', '[\"https://www.juliusbaer.com/\"]', 'Quote-based (Borrow cost)', 'Bespoke', 0, NULL, NULL, '2026-02-05 09:23:24.934000', '2026-02-05 09:23:24.934000', NULL, NULL, NULL, NULL, NULL, NULL, NULL, NULL, NULL, 0, NULL, NULL, NULL, NULL, NULL, NULL, NULL, NULL, NULL, NULL, 1, NULL, NULL, NULL, NULL, NULL, NULL, NULL, NULL, NULL, NULL),
('a156a443-69d7-44ef-b8c8-d1481f97a69d', 'M1A', 'Ledn', 'Bitcoin‑Backed Loans', 'BTC', 'Canada', 'Termed', 'Secured', 'Typical 50% LTV; confirm liquidation thresholds and custody structure.', '[\"https://ledn.io/en/bitcoin-backed-loans\"]', '11.9% APR (borrow cost)', 'Termed', 0, NULL, NULL, '2026-02-06 18:54:09.851000', '2026-02-06 18:54:09.851000', 50.00, NULL, NULL, NULL, NULL, NULL, NULL, NULL, NULL, 0, NULL, NULL, NULL, NULL, NULL, NULL, NULL, NULL, NULL, NULL, 1, NULL, NULL, NULL, NULL, NULL, NULL, NULL, NULL, NULL, NULL),
('a2b0cf0d-59de-4c4d-84b8-2a261d07c155', 'M1B', 'Strategy Inc.', 'STRC Preferred', 'Unsecured', 'US', 'Market', 'Preferred equity', 'Rate adjusts monthly.', '[\"https://www.strategy.com\"]', 'Variable (monthly reset)', 'Perpetual', 0, NULL, NULL, '2026-02-05 09:23:24.940000', '2026-02-05 09:23:24.940000', NULL, NULL, NULL, NULL, NULL, NULL, NULL, NULL, NULL, 0, NULL, NULL, NULL, NULL, NULL, NULL, 'Quarterly', NULL, NULL, NULL, 1, NULL, NULL, NULL, NULL, NULL, NULL, NULL, NULL, NULL, NULL),
('a3a042c9-6ce0-4df4-af4f-a030bfbd3901', 'M1B', 'Strategy Inc.', 'STRC Preferred', 'Unsecured', 'US', 'Market', 'Preferred equity', 'Rate adjusts monthly.', '[\"https://www.strategy.com\"]', 'Variable (monthly reset)', 'Perpetual', 0, NULL, NULL, '2026-02-06 18:54:09.937000', '2026-02-06 18:54:09.937000', NULL, NULL, NULL, NULL, NULL, NULL, NULL, NULL, NULL, 0, NULL, NULL, NULL, NULL, NULL, NULL, 'Quarterly', NULL, NULL, NULL, 1, NULL, NULL, NULL, NULL, NULL, NULL, NULL, NULL, NULL, NULL),
('a59ae748-e00c-4c6c-863f-35712aead2bc', 'M1C', 'aave-v3', 'USDT0 Pool', 'USDT', 'DeFi', 'None', 'Pool', 'TVL: $411,599,927', NULL, NULL, NULL, 0, NULL, NULL, '2026-01-30 12:32:26.484000', '2026-01-30 19:56:23.196000', NULL, NULL, NULL, NULL, NULL, NULL, NULL, NULL, NULL, 0, NULL, NULL, NULL, NULL, NULL, NULL, NULL, NULL, NULL, NULL, 1, NULL, NULL, 'DeFi', 'USDT', 'Plasma', NULL, NULL, NULL, NULL, NULL),
('a68abc95-921c-4a35-ba66-e21572e803c8', 'M1C', 'Binance', 'Simple Earn USDC', 'Unsecured', 'Global', 'Flexible', 'Unsecured', 'Promo tiers apply.', '[\"https://www.binance.com\"]', 'Promo / Variable', 'Flexible', 1, NULL, NULL, '2026-01-27 09:08:57.738000', '2026-01-27 09:08:57.738000', NULL, NULL, NULL, NULL, NULL, NULL, NULL, NULL, NULL, 0, NULL, NULL, NULL, NULL, NULL, NULL, NULL, NULL, NULL, NULL, 1, NULL, NULL, 'CeFi', 'USDC', NULL, NULL, 'None', NULL, NULL, '[\"counterparty\", \"promo\"]'),
('a6d134f3-ddbb-4815-97a9-e368b53cd164', 'M1B', 'Strategy Inc.', 'STRK Preferred', 'Unsecured', 'US', 'Market', 'Preferred equity', 'Dividend not guaranteed.', '[\"https://www.strategy.com\"]', '8.0% Fixed (when declared)', 'Perpetual', 0, NULL, NULL, '2026-02-06 18:54:09.929000', '2026-02-06 18:54:09.929000', NULL, NULL, NULL, NULL, NULL, NULL, NULL, NULL, NULL, 0, NULL, NULL, NULL, NULL, NULL, NULL, 'Quarterly', NULL, NULL, NULL, 1, NULL, NULL, NULL, NULL, NULL, NULL, NULL, NULL, NULL, NULL),
('a9e5b7e3-018e-474b-a7d6-2088b3eca0c1', 'M1A', 'Abra', 'Bitcoin‑Backed Loans (Abra Borrow)', 'BTC collateral', 'USA (entity‑dependent)', 'Termed', 'Secured', 'Availability varies by jurisdiction; confirm current program status.', '[\"https://www.abra.com/\"]', 'Historically ~3–8% APR (not guaranteed)', 'Termed / flexible', 0, NULL, NULL, '2026-02-06 18:54:09.893000', '2026-02-06 18:54:09.893000', NULL, NULL, NULL, NULL, NULL, NULL, NULL, NULL, NULL, 0, NULL, NULL, NULL, NULL, NULL, NULL, NULL, NULL, NULL, NULL, 1, NULL, NULL, NULL, NULL, NULL, NULL, NULL, NULL, NULL, NULL),
('ab89b68e-6bc1-4371-8182-f5b9e1665365', 'M1A', 'Sygnum Bank', 'Crypto Lombard Loan', 'BTC', 'Switzerland', 'Termed', 'Secured', 'Explicit BTC Lombard lending.', '[\"https://www.sygnum.com/products/credit/\"]', 'Quote-based (Borrow cost)', 'Termed / revolving', 0, NULL, NULL, '2026-01-27 09:08:57.701000', '2026-01-27 09:08:57.701000', NULL, NULL, NULL, NULL, NULL, NULL, NULL, NULL, NULL, 0, NULL, NULL, NULL, NULL, NULL, NULL, NULL, NULL, NULL, NULL, 1, NULL, NULL, NULL, NULL, NULL, NULL, NULL, NULL, NULL, NULL),
('b45a93b7-68df-49d5-aee9-ca8dd06a4d0e', 'M1A', 'Unchained Capital', 'Bitcoin‑Backed Loans (Multi‑Sig)', 'BTC (2‑of‑3 multisig)', 'USA', 'Termed', 'Secured', 'Client retains one key; confirm fees, margin calls and liquidation logic.', '[\"https://unchained.com/loans\"]', 'Not publicly disclosed', '90–360 days', 0, 'Rates not publicly disclosed; application required.', NULL, '2026-02-05 09:23:24.897000', '2026-02-05 09:23:24.897000', NULL, NULL, NULL, NULL, NULL, NULL, NULL, NULL, NULL, 0, NULL, NULL, NULL, NULL, NULL, NULL, NULL, NULL, NULL, NULL, 1, NULL, NULL, NULL, NULL, NULL, NULL, NULL, NULL, NULL, NULL),
('b6ccf06f-ef78-4fc9-a011-4c5f0bec90e3', 'M1C', 'uniswap-v3', 'WETH-USDT Pool', 'USDT', 'DeFi', 'Variable', 'Pool', 'TVL: $110,683,475', NULL, NULL, NULL, 0, NULL, NULL, '2026-01-30 12:32:26.653000', '2026-01-30 19:56:23.360000', NULL, NULL, NULL, NULL, NULL, NULL, NULL, NULL, NULL, 0, NULL, NULL, NULL, NULL, NULL, NULL, NULL, NULL, NULL, NULL, 1, NULL, NULL, 'DeFi', 'USDT', 'Ethereum', NULL, NULL, NULL, NULL, NULL),
('bd5e747e-b58c-418d-b400-ea17f1d989c5', 'M1A', 'AMINA Bank', 'Crypto-Backed Loans', 'BTC', 'Switzerland', 'Termed', 'Secured', 'Regulated crypto bank offering BTC-backed loans.', '[\"https://aminagroup.com/products/crypto-backed-loans/\"]', 'Quote-based (Borrow cost)', 'Termed / revolving', 0, NULL, NULL, '2026-01-27 09:08:57.704000', '2026-01-27 09:08:57.704000', NULL, NULL, NULL, NULL, NULL, NULL, NULL, NULL, NULL, 0, NULL, NULL, NULL, NULL, NULL, NULL, NULL, NULL, NULL, NULL, 1, NULL, NULL, NULL, NULL, NULL, NULL, NULL, NULL, NULL, NULL),
('c74c30a4-5ab4-4a4f-b076-ba5602502fcb', 'M1C', 'curve-dex', 'DAI-USDC-USDT Pool', 'USDC', 'DeFi', 'None', 'Pool', 'TVL: $164,023,321', NULL, NULL, NULL, 0, NULL, NULL, '2026-01-30 12:32:26.593000', '2026-01-30 19:56:23.301000', NULL, NULL, NULL, NULL, NULL, NULL, NULL, NULL, NULL, 0, NULL, NULL, NULL, NULL, NULL, NULL, NULL, NULL, NULL, NULL, 1, NULL, NULL, 'DeFi', 'USDC', 'Ethereum', NULL, NULL, NULL, NULL, NULL),
('ccb75b6f-30ef-414f-9e9e-40d13e603597', 'M1C', 'Coinbase', 'USDC Rewards', 'Unsecured', 'US', 'None', 'Unsecured', 'Program-based rewards.', '[\"https://www.coinbase.com\"]', 'Variable', 'On-demand', 0, NULL, NULL, '2026-02-06 18:54:09.982000', '2026-02-06 18:54:09.982000', NULL, NULL, NULL, NULL, NULL, NULL, NULL, NULL, NULL, 0, NULL, NULL, NULL, NULL, NULL, NULL, NULL, NULL, NULL, NULL, 1, NULL, NULL, 'CeFi', 'USDC', NULL, NULL, 'None', NULL, NULL, '[\"counterparty\"]'),
('cd665ef3-7e1d-476a-8d5b-1ffd3edf1ece', 'M1A', 'SALT Lending', 'Crypto‑Backed Loans', 'BTC & supported crypto', 'USA', 'Termed', 'Secured', 'APR varies by LTV; liquidation rules must be confirmed in loan docs.', '[\"https://saltlending.com\"]', '9.95–14.45% APR', 'Up to 12 months', 0, NULL, NULL, '2026-02-05 09:23:24.902000', '2026-02-05 09:23:24.902000', NULL, NULL, NULL, NULL, NULL, NULL, NULL, NULL, NULL, 0, NULL, NULL, NULL, NULL, NULL, NULL, NULL, NULL, NULL, NULL, 1, NULL, NULL, NULL, NULL, NULL, NULL, NULL, NULL, NULL, NULL),
('ce95d15b-2f26-4a76-8f3e-134176cc1a2f', 'M1B', 'Strategy Inc.', 'STRE Preferred', 'Unsecured', 'US / EU', 'Market', 'Preferred equity', 'Confirm ranking among series.', '[\"https://www.strategy.com\"]', '10.0% (per terms)', 'Perpetual', 0, NULL, NULL, '2026-02-05 09:23:24.943000', '2026-02-05 09:23:24.943000', NULL, NULL, NULL, NULL, NULL, NULL, NULL, NULL, NULL, 0, NULL, NULL, NULL, NULL, NULL, NULL, 'Quarterly', NULL, NULL, NULL, 1, NULL, NULL, NULL, NULL, NULL, NULL, NULL, NULL, NULL, NULL),
('cef4eecb-98fa-45ed-a27c-8225702562f0', 'M1A', 'Arch Lending', 'Bitcoin & Crypto Loans', 'BTC / ETH / SOL', 'USA', 'Unknown', 'Secured', 'Rates visible only post‑application; suitable for calculator ingestion.', '[\"https://archlending.com/\"]', 'Not disclosed', 'Not disclosed', 0, 'Rates visible only post‑application.', NULL, '2026-02-05 09:23:24.913000', '2026-02-05 09:23:24.913000', NULL, NULL, NULL, NULL, NULL, NULL, NULL, NULL, NULL, 0, NULL, NULL, NULL, NULL, NULL, NULL, NULL, NULL, NULL, NULL, 1, NULL, NULL, NULL, NULL, NULL, NULL, NULL, NULL, NULL, NULL),
('cf15f2e7-484b-405f-b238-520aab05c9b4', 'M1C', 'morpho-v1', 'STEAKUSDC Pool', 'USDC', 'DeFi', 'None', 'Pool', 'TVL: $361,698,681', NULL, NULL, NULL, 0, NULL, NULL, '2026-01-30 12:32:26.458000', '2026-01-30 19:56:23.231000', NULL, NULL, NULL, NULL, NULL, NULL, NULL, NULL, NULL, 0, NULL, NULL, NULL, NULL, NULL, NULL, NULL, NULL, NULL, NULL, 1, NULL, NULL, 'DeFi', 'USDC', 'Base', NULL, NULL, NULL, NULL, NULL),
('cfd28f93-c4ad-40ff-933c-26023cb9f991', 'M1A', 'SALT Lending', 'Crypto‑Backed Loans', 'BTC & supported crypto', 'USA', 'Termed', 'Secured', 'APR varies by LTV; liquidation rules must be confirmed in loan docs.', '[\"https://saltlending.com\"]', '9.95–14.45% APR', 'Up to 12 months', 0, NULL, NULL, '2026-02-06 18:54:09.870000', '2026-02-06 18:54:09.870000', NULL, NULL, NULL, NULL, NULL, NULL, NULL, NULL, NULL, 0, NULL, NULL, NULL, NULL, NULL, NULL, NULL, NULL, NULL, NULL, 1, NULL, NULL, NULL, NULL, NULL, NULL, NULL, NULL, NULL, NULL),
('d3d677fe-0f4e-4a96-9b37-a011fd81b905', 'M1C', 'raydium-amm', 'BTC-USDT Pool', 'USDT', 'DeFi', 'Variable', 'Pool', 'TVL: $99,716,711', NULL, NULL, NULL, 0, NULL, NULL, '2026-01-30 12:32:26.661000', '2026-01-30 19:56:23.371000', NULL, NULL, NULL, NULL, NULL, NULL, NULL, NULL, NULL, 0, NULL, NULL, NULL, NULL, NULL, NULL, NULL, NULL, NULL, NULL, 1, NULL, NULL, 'DeFi', 'USDT', 'Solana', NULL, NULL, NULL, NULL, NULL),
('d4efc028-f7c5-4290-a047-c2c0183b8a11', 'M1C', 'aave-v3', 'USDTB Pool', 'USDT', 'DeFi', 'None', 'Pool', 'TVL: $126,779,693', NULL, NULL, NULL, 0, NULL, NULL, '2026-01-30 12:32:26.622000', '2026-01-30 19:56:23.331000', NULL, NULL, NULL, NULL, NULL, NULL, NULL, NULL, NULL, 0, NULL, NULL, NULL, NULL, NULL, NULL, NULL, NULL, NULL, NULL, 1, NULL, NULL, 'DeFi', 'USDT', 'Ethereum', NULL, NULL, NULL, NULL, NULL),
('d8d48bf6-deb2-4118-9858-e8c24ce3c8f6', 'M1C', 'morpho-v1', 'GTUSDCF Pool', 'USDC', 'DeFi', 'None', 'Pool', 'TVL: $182,608,274', NULL, NULL, NULL, 0, NULL, NULL, '2026-01-30 12:32:26.556000', '2026-01-30 19:56:23.275000', NULL, NULL, NULL, NULL, NULL, NULL, NULL, NULL, NULL, 0, NULL, NULL, NULL, NULL, NULL, NULL, NULL, NULL, NULL, NULL, 1, NULL, NULL, 'DeFi', 'USDC', 'Ethereum', NULL, NULL, NULL, NULL, NULL),
('db316606-97d5-46d2-8637-6fe3636d08d3', 'M1A', 'Arch Lending', 'Bitcoin & Crypto Loans', 'BTC / ETH / SOL', 'USA', 'Unknown', 'Secured', 'Rates visible only post‑application; suitable for calculator ingestion.', '[\"https://archlending.com/\"]', 'Not disclosed', 'Not disclosed', 0, 'Rates visible only post‑application.', NULL, '2026-01-27 09:08:57.690000', '2026-01-27 09:08:57.690000', NULL, NULL, NULL, NULL, NULL, NULL, NULL, NULL, NULL, 0, NULL, NULL, NULL, NULL, NULL, NULL, NULL, NULL, NULL, NULL, 1, NULL, NULL, NULL, NULL, NULL, NULL, NULL, NULL, NULL, NULL),
('db4bb47d-899e-4df0-82df-63a5ba702610', 'M1A', 'Galaxy Digital', 'Institutional Lending Desk', 'Crypto collateral', 'USA / Global', 'Deal‑specific', 'Contractual', 'Institutional desk; requires per‑deal term sheet ingestion.', '[\"https://www.galaxy.com/services/lending/\"]', 'Quote‑based', 'Bespoke', 0, NULL, NULL, '2026-01-27 09:08:57.688000', '2026-01-27 09:08:57.688000', NULL, NULL, NULL, NULL, NULL, NULL, NULL, NULL, NULL, 0, NULL, NULL, NULL, NULL, NULL, NULL, NULL, NULL, NULL, NULL, 1, NULL, NULL, NULL, NULL, NULL, NULL, NULL, NULL, NULL, NULL),
('df57a3c7-0729-4368-9576-d4b4c04ea3dd', 'M1A', 'Mezo × Anchorage Digital', 'MUSD BTC‑Collateralized Borrowing', 'BTC (110% collateral stated)', 'USA', 'Unknown', 'Secured', 'Institutional‑grade custody; eligibility likely Anchorage‑client only.', '[\"https://www.anchorage.com/blog/mezo-and-anchorage-digital-launch-btc-collateralized-lending-and-borrowing\"]', 'From ~1% APR (fixed)', 'Not disclosed', 0, NULL, NULL, '2026-02-05 09:23:24.905000', '2026-02-05 09:23:24.905000', NULL, NULL, NULL, NULL, NULL, NULL, NULL, NULL, NULL, 0, NULL, NULL, NULL, NULL, NULL, NULL, NULL, NULL, NULL, NULL, 1, NULL, NULL, NULL, NULL, NULL, NULL, NULL, NULL, NULL, NULL),
('e68b816f-a11e-45ff-88ad-14dad2667584', 'M1C', 'Coinbase', 'USDC Rewards', 'Unsecured', 'US', 'None', 'Unsecured', 'Program-based rewards.', '[\"https://www.coinbase.com\"]', 'Variable', 'On-demand', 0, NULL, NULL, '2026-01-27 09:08:57.735000', '2026-01-27 09:08:57.735000', NULL, NULL, NULL, NULL, NULL, NULL, NULL, NULL, NULL, 0, NULL, NULL, NULL, NULL, NULL, NULL, NULL, NULL, NULL, NULL, 1, NULL, NULL, 'CeFi', 'USDC', NULL, NULL, 'None', NULL, NULL, '[\"counterparty\"]'),
('e8207be4-f0da-4f34-b37e-2f8d66f183ba', 'M1B', 'Metaplanet Inc.', 'BTC-backed Borrowings', 'BTC', 'Japan', 'Termed', 'Secured', 'BTC used as collateral; no public rates.', '[\"https://metaplanet.jp\"]', 'Unknown', 'Termed', 0, 'No public rates disclosed.', NULL, '2026-02-05 09:23:24.953000', '2026-02-05 09:23:24.953000', NULL, NULL, NULL, NULL, NULL, NULL, NULL, NULL, NULL, 0, NULL, NULL, NULL, NULL, NULL, NULL, NULL, NULL, NULL, NULL, 1, NULL, NULL, NULL, NULL, NULL, NULL, NULL, NULL, NULL, NULL),
('edcc3cf8-790a-43e2-a331-32c6131eb523', 'M1B', 'Strategy Inc.', 'Convertible Notes', 'Unsecured', 'US', 'Secondary', 'Senior unsecured', 'Digital credit, not yield.', '[\"https://www.strategy.com\"]', '0% coupon', 'Dated', 0, NULL, NULL, '2026-02-06 18:54:09.952000', '2026-02-06 18:54:09.952000', NULL, NULL, NULL, NULL, NULL, NULL, NULL, NULL, NULL, 0, NULL, NULL, NULL, NULL, NULL, NULL, NULL, 0.0000, NULL, NULL, 0, NULL, NULL, NULL, NULL, NULL, NULL, NULL, NULL, NULL, NULL),
('ef075119-9805-4673-bd00-4d5f9d60682f', 'M1C', 'Binance', 'Simple Earn USDC', 'Unsecured', 'Global', 'Flexible', 'Unsecured', 'Promo tiers apply.', '[\"https://www.binance.com\"]', 'Promo / Variable', 'Flexible', 1, NULL, NULL, '2026-02-06 18:54:09.987000', '2026-02-06 18:54:09.987000', NULL, NULL, NULL, NULL, NULL, NULL, NULL, NULL, NULL, 0, NULL, NULL, NULL, NULL, NULL, NULL, NULL, NULL, NULL, NULL, 1, NULL, NULL, 'CeFi', 'USDC', NULL, NULL, 'None', NULL, NULL, '[\"counterparty\", \"promo\"]'),
('f2e3cbdd-94ba-48de-85b5-8528b1f8e607', 'M1A', 'Aave (DeFi)', 'Borrow USDC against WBTC (Aave v3)', 'WBTC', 'On‑chain', 'None', 'Protocol claim', 'Smart‑contract, oracle and WBTC custodian risk apply.', '[\"https://app.aave.com/\"]', 'Variable (market‑driven)', 'On‑demand', 0, NULL, NULL, '2026-02-05 09:23:24.922000', '2026-02-05 09:23:24.922000', NULL, NULL, NULL, NULL, NULL, NULL, NULL, NULL, NULL, 0, NULL, NULL, NULL, NULL, NULL, NULL, NULL, NULL, NULL, NULL, 1, NULL, NULL, NULL, NULL, NULL, NULL, NULL, NULL, NULL, NULL),
('f33b84e4-1712-47a2-9672-54370f34f671', 'M1C', 'merkl', 'STEAKUSDC Pool', 'USDC', 'DeFi', 'None', 'Pool', 'TVL: $417,558,053', NULL, NULL, NULL, 0, NULL, NULL, '2026-01-30 12:32:26.473000', '2026-01-30 19:56:23.183000', NULL, NULL, NULL, NULL, NULL, NULL, NULL, NULL, NULL, 0, NULL, NULL, NULL, NULL, NULL, NULL, NULL, NULL, NULL, NULL, 1, NULL, NULL, 'DeFi', 'USDC', 'Ethereum', NULL, NULL, NULL, NULL, NULL),
('ffbe0345-cba1-41f9-8ece-dbb15e147862', 'M1C', 'uniswap-v4', 'USDC-USD Pool', 'USDC', 'DeFi', 'Variable', 'Pool', 'TVL: $19,953,673,637', NULL, NULL, NULL, 0, NULL, NULL, '2026-01-30 12:14:17.468000', '2026-01-30 19:56:23.058000', NULL, NULL, NULL, NULL, NULL, NULL, NULL, NULL, NULL, 0, NULL, NULL, NULL, NULL, NULL, NULL, NULL, NULL, NULL, NULL, 1, NULL, NULL, 'DeFi', 'USDC', 'Ethereum', NULL, NULL, NULL, NULL, NULL);

INSERT INTO `stablecoin_products` (`id`, `issuer`, `product`, `apy`, `duration`, `collateral`, `jurisdiction`, `lockup`, `seniority`, `notes`, `sources`, `category`, `createdAt`, `updatedAt`, `qualityScore`, `qualityScoreBreakdown`) VALUES
('01e8188d-86f6-49d5-8dfc-432d3504d5df', 'Nexo', 'Nexo Earn Interest (USDC)', '8', 'On-demand', 'Unsecured (platform program)', 'Global (availability varies)', 'None', 'Unsecured', 'Tiered APY; rewards accrue daily; regional restrictions apply', '[Nexo Support](https://support.nexo.io)', 'cefi_savings', '2026-02-10 06:12:48.027000', '2026-02-12 09:02:12.812000', 65, '{\"transparency\":22,\"riskControl\":15,\"jurisdiction\":12,\"structure\":10,\"trackRecord\":6}'),
('1eba0034-81de-411e-b443-d50daeffb36b', 'Bitstamp (by Robinhood)', 'Bitstamp Earn — Lending (USDC/USDT available)', '3.5', 'On-demand (withdraw any time; settlement delay', 'Unsecured (lending program)', 'Limited (not available in some regions)', 'None (but withdrawals may take 1–2 days to settle)', 'Unsecured', 'Bitstamp states lent assets can be withdrawn any time, typically 1–2 days to process;', 'Bitstamp Earn + FAQs', 'cefi_savings', '2026-02-11 19:28:31.550000', '2026-02-12 09:02:12.562000', 60, '{\"transparency\":18,\"riskControl\":15,\"jurisdiction\":12,\"structure\":8,\"trackRecord\":7}'),
('3816205a-38cd-4215-82e4-c920f2c996fa', 'Compound', 'Compound V3 USDT Market (Ethereum)', '2.2', 'On-demand', 'Overcollateralized money market', 'On-chain (Ethereum)', 'None (withdrawals depend on utilization/liquidity)', 'Protocol claim', 'Compound V3 provides a decentralized lending platform with overcollateralized borrowing.', '[Compound App](https://app.compound.finance) [Compound Docs](https://docs.compound.finance)', 'collateralised_lending', '2026-02-10 06:13:41.527000', '2026-02-12 09:02:12.831000', 80, '{\"transparency\":27,\"riskControl\":18,\"jurisdiction\":17,\"structure\":12,\"trackRecord\":6}'),
('3d8e26bc-2253-4e73-bfc3-71a5fad98558', 'Kraken', 'Opt-In Rewards — USDT (Flexible)', '4.5', 'On‑demand', 'Unsecured (platform program / opt-in rewards)', 'Global (geo restrictions apply)', 'None', 'Unsecured', 'USDT rewards shown with flexible rate; bonded term exists but DCC “on-demand” should use flexible only. (Kraken)', NULL, 'cefi_savings', '2026-02-10 12:31:07.735000', '2026-02-12 09:02:12.774000', 60, '{\"transparency\":20,\"riskControl\":15,\"jurisdiction\":12,\"structure\":8,\"trackRecord\":5}'),
('4f208921-8a74-49c2-a7bb-b8abc6159d51', 'SparkLend (Spark / Sky ecosystem)', 'SparkLend – Supply USDC', '3.5', 'On‑demand', 'Overcollateralized borrowing markets', 'On‑chain', 'None', 'Protocol claim', 'SparkLend is a non-custodial liquidity market; rates set/managed via governance; verify live supply APY in app.', NULL, 'cefi_savings', '2026-02-10 12:35:45.039000', '2026-02-12 09:02:12.819000', 55, '{\"transparency\":15,\"riskControl\":12,\"jurisdiction\":10,\"structure\":10,\"trackRecord\":8}'),
('56eeb7d1-e78b-4ae8-9687-492ea8bd0daf', 'Euler', 'Euler USDT Market (Ethereum)', '4', 'On-demand', 'Overcollateralized lending vaults/markets', 'On-chain (Ethereum)', 'None (withdrawals depend on utilization/liquidity)', 'Protocol claim', 'Euler offers innovative lending solutions with a focus on risk management and overcollateralization.', '[Euler App](https://app.euler.finance) [Euler Docs](https://docs.euler.finance)', 'collateralised_lending', '2026-02-10 06:13:41.527000', '2026-02-12 09:02:12.837000', 75, '{\"transparency\":25,\"riskControl\":18,\"jurisdiction\":15,\"structure\":12,\"trackRecord\":5}'),
('5d16b355-5b32-4c09-8b94-3bbfd73e8be3', 'Binance', 'Flexible Savings (USDT)', '12.5', 'On-demand (flexible)', 'Unsecured (platform program)', 'Global (availability varies)', 'None', 'Unsecured', 'Tiered APY; rewards accrue daily; regional restrictions apply', '[Binance Support](https://www.binance.com/en/support)', 'cefi_savings', '2026-02-10 06:12:48.027000', '2026-02-12 09:02:12.556000', 65, '{\"transparency\":20,\"riskControl\":15,\"jurisdiction\":10,\"structure\":10,\"trackRecord\":10}'),
('5d7e5569-fa03-479e-80bb-7cda7210b336', 'Crypto.com', 'Crypto Earn (Flexible)', '2', 'On-demand', 'Unsecured (platform program)', 'Global (availability varies)', 'None', 'Unsecured', 'APY varies by CRO stake; rewards accrue weekly; regional restrictions apply', '[Crypto.com Help](https://help.crypto.com)', 'cefi_savings', '2026-02-10 06:12:48.027000', '2026-02-12 09:02:12.696000', 60, '{\"transparency\":20,\"riskControl\":15,\"jurisdiction\":10,\"structure\":8,\"trackRecord\":7}'),
('67a63122-f3e7-440f-9a2c-b0afcfc0166a', 'Kraken', 'Earn (USDC)', '3.5', 'On-demand', 'Unsecured (platform program)', 'USA, Europe (availability varies)', 'None', 'Unsecured', 'Rewards accrue bi-weekly; regional restrictions apply', '[Kraken Support](https://support.kraken.com)', 'cefi_savings', '2026-02-10 06:12:48.027000', '2026-02-12 09:02:12.701000', 65, '{\"transparency\":22,\"riskControl\":15,\"jurisdiction\":15,\"structure\":8,\"trackRecord\":5}'),
('72ec446d-c1bc-4269-8fd6-deb246465066', 'Aave', 'Aave V3 USDC Market (Ethereum)', '12.5', 'On-demand', 'Overcollateralized money market', 'On-chain (Ethereum)', 'None (withdrawals depend on utilization/liquidity)', 'Protocol claim', 'Aave V3 offers a robust overcollateralized lending market with transparent interest rates.', '[Aave App](https://app.aave.com) [Aave Docs](https://docs.aave.com)', 'collateralised_lending', '2026-02-10 06:13:41.527000', '2026-02-12 09:02:12.825000', 85, '{\"transparency\":28,\"riskControl\":20,\"jurisdiction\":18,\"structure\":12,\"trackRecord\":7}'),
('7fb6f3fd-95ea-4edb-8403-77a7b27aac7f', 'Coinbase', 'USDC Rewards', '10', 'On-demand', 'Unsecured (platform program)', 'USA (availability varies)', 'None', 'Unsecured', 'Rewards accrue daily; regional restrictions apply', '[Coinbase Help](https://help.coinbase.com)', 'cefi_savings', '2026-02-10 06:12:48.027000', '2026-02-12 09:02:12.687000', 70, '{\"transparency\":25,\"riskControl\":18,\"jurisdiction\":15,\"structure\":7,\"trackRecord\":5}'),
('9301d6d3-7eb5-4cdf-b2ef-7c52c81c7ea0', 'OKX', 'Simple Earn — USDT (Flexible)', '9', 'On-demand', 'Unsecured (platform)', 'Global / regional (page shown for UAE)', 'None (flexible); possible redemption restriction', 'Unsecured', 'USDT shown with flexible ranges; bonus APR often capped and eligibility-limited; show gating note in Yield Board. (OKX)', NULL, 'cefi_savings', '2026-02-10 12:27:03.165000', '2026-02-12 09:02:12.815000', 60, '{\"transparency\":18,\"riskControl\":15,\"jurisdiction\":12,\"structure\":8,\"trackRecord\":7}'),
('9d58954f-69b5-4383-abbb-ff47897a9bbc', 'Bybit', 'Easy Earn — USDT (Flexible)', '6', 'On‑demand', 'Unsecured (platform)', 'Global (availability varies)', 'Flexible', 'Unsecured', 'Easy Earn supports “Flexible Term: redeem anytime”; promos/boosters can distort headline APR—store base vs bonus where possible. (Bybit)', NULL, 'cefi_savings', '2026-02-10 12:23:41.289000', '2026-02-12 09:02:12.569000', 55, '{\"transparency\":15,\"riskControl\":15,\"jurisdiction\":10,\"structure\":8,\"trackRecord\":7}'),
('a5bc556d-e8ec-4e53-962b-cc21e8b97a92', 'SparkLend', 'SparkLend USDC Market (Ethereum)', '6', 'On-demand', 'Overcollateralized crypto borrowing markets', 'On-chain (Ethereum)', 'None (protocol can pause in emergencies)', 'Protocol claim', 'SparkLend focuses on secure, overcollateralized lending with dynamic interest rates.', '[SparkLend App](https://app.sparklend.com) [SparkLend Docs](https://docs.sparklend.com)', 'collateralised_lending', '2026-02-10 06:13:41.527000', '2026-02-12 09:02:12.851000', 75, '{\"transparency\":25,\"riskControl\":18,\"jurisdiction\":15,\"structure\":12,\"trackRecord\":5}'),
('c4406642-9a3a-45e5-a7f3-bbecd5a93d7e', 'Kamino', 'Kamino USDT Lending Vault (Solana)', '8', 'On-demand', 'Overcollateralized lending vaults/markets', 'On-chain (Solana)', 'None (protocol can pause in emergencies)', 'Protocol claim', 'Kamino\'s lending vaults on Solana offer overcollateralized lending with flexible withdrawal options.', '[Kamino App](https://app.kamino.finance) [Kamino Docs](https://docs.kamino.finance)', 'collateralised_lending', '2026-02-10 06:13:41.527000', '2026-02-12 09:02:12.845000', 75, '{\"transparency\":25,\"riskControl\":18,\"jurisdiction\":15,\"structure\":12,\"trackRecord\":5}'),
('ee7048b1-8c97-4988-b653-40698376b2af', 'Bybit', 'Easy Earn — USDC (Flexible)', '6', 'On‑demand', 'Unsecured (platform)', 'Global (availability varies)', 'None (flexible)', 'Unsecured', 'Easy Earn supports “Flexible Term: redeem anytime”; promos/boosters can distort headline APR—store base vs bonus where possible. (Bybit)', NULL, 'cefi_savings', '2026-02-10 12:19:44.919000', '2026-02-12 09:02:12.566000', 55, '{\"transparency\":15,\"riskControl\":15,\"jurisdiction\":10,\"structure\":8,\"trackRecord\":7}');

INSERT INTO `suitability_reports` (`id`, `userId`, `incomePlanId`, `reportType`, `frozenData`, `createdAt`) VALUES
('d4adf297-1880-4b60-9fe6-c01acbc6e376', 'b4a4a681-7244-4fb3-be5a-31d9bb108abd', NULL, 'Suitability', '{\"planParams\": {\"module1BSnapshot\": {\"asOf\": \"2026-02-02T14:15:36.000Z\", \"inputs\": {\"mode\": \"Custom\", \"capitalUSD\": 100000, \"durationMonths\": 12}, \"module\": \"1B\", \"outputs\": {\"breakdown\": {\"total\": 60, \"seniority\": 65, \"complexity\": 55, \"incomeMechanism\": 60, \"providerQuality\": 70, \"marketVolatility\": 55}, \"riskBadge\": \"Moderate\", \"stabilityScore\": 60, \"portfolioApyMax\": 0, \"portfolioApyMin\": 0, \"expectedAnnualIncomeMax\": 0, \"expectedAnnualIncomeMin\": 0, \"expectedMonthlyIncomeMax\": 0, \"expectedMonthlyIncomeMin\": 0}, \"createdAt\": \"2026-02-02T14:15:53.911Z\", \"riskNotes\": [\"Variable volatility exposure: BTC-backed Borrowings, Zero-Coupon Bonds.\", \"Stability Score is 60/100 (Moderate). This reflects income reliability, not a return forecast.\"], \"allocation\": [{\"hv30\": 0.2, \"name\": \"BTC-backed Borrowings\", \"apyMax\": null, \"apyMin\": null, \"issuer\": \"Metaplanet Inc.\", \"ticker\": \"BTC-backed Borrowings\", \"weight\": 0.5, \"seniority\": \"Secured\"}, {\"hv30\": 0.2, \"name\": \"Zero-Coupon Bonds\", \"apyMax\": null, \"apyMin\": null, \"issuer\": \"Metaplanet Inc.\", \"ticker\": \"Zero-Coupon Bonds\", \"weight\": 0.5, \"seniority\": \"Senior unsecured\"}], \"disclosures\": [\"Estimates only. Not investment advice.\", \"Distributions can vary and may be reduced or suspended depending on product terms.\", \"Historical volatility is backward-looking and does not predict future results.\"]}}, \"generatedAt\": \"2026-02-02T14:18:03.072Z\", \"instruments\": [{\"weight\": 50, \"snapshot\": null, \"instrument\": {\"id\": \"5f0d6dfc-1b01-48b6-a16e-ff6341cac766\", \"notes\": \"BTC used as collateral; no public rates.\", \"issuer\": \"Metaplanet Inc.\", \"lockup\": \"Termed\", \"module\": \"M1B\", \"apyLabel\": \"9\", \"duration\": \"Termed\", \"riskTags\": null, \"seniority\": \"Secured\", \"venueType\": null, \"collateral\": \"BTC\", \"productName\": \"BTC-backed Borrowings\", \"jurisdiction\": \"Japan\", \"supportedAsset\": null}}, {\"weight\": 50, \"snapshot\": null, \"instrument\": {\"id\": \"7d9772ce-63c7-4c5c-907f-f9ba4bfda65e\", \"notes\": \"Issued to acquire BTC.\", \"issuer\": \"Metaplanet Inc.\", \"lockup\": \"Secondary\", \"module\": \"M1B\", \"apyLabel\": \"0%\", \"duration\": \"Dated\", \"riskTags\": null, \"seniority\": \"Senior unsecured\", \"venueType\": null, \"collateral\": \"Unsecured\", \"productName\": \"Zero-Coupon Bonds\", \"jurisdiction\": \"Japan\", \"supportedAsset\": null}}]}', '2026-02-02 14:18:03.075000');

INSERT INTO `usd_income_products` (`id`, `issuer`, `product`, `ticker`, `type`, `apyDistribution`, `duration`, `seniority`, `simpleDescription`, `availability`, `btcLinkage`, `keyRisks`, `createdAt`, `updatedAt`, `hv30Pct`, `qualityScore`, `qualityScoreBreakdown`) VALUES
('09fdaca5-bab2-4aba-8fab-eef0b745f8d1', 'Strategy Inc.', 'Strike Preferred', 'STRK', 'Convertible preferred', '8', 'Perpetual', 'Preferred', 'Fixed dividend but high price sensitivity.', 'US brokerages (Nasdaq)', 'BTC treasury exposure', 'High volatility (~30%+); dividend discretionary.', '2026-02-10 08:45:07.602000', '2026-02-12 18:26:13.659000', 48.00, 68, '{\"transparency\":23,\"riskControl\":16,\"jurisdiction\":14,\"structure\":9,\"trackRecord\":6}'),
('3724063f-e864-43fa-af48-2d528859e0a3', 'Strive, Inc.', 'Series A Preferred', 'SATA', 'Variable-rate perpetual preferred', '15', 'Perpetual', 'Preferred', 'High-yield perpetual preferred issued to fund BTC treasury strategy.', 'US brokerages (Nasdaq)', 'BTC treasury exposure', 'Dividend discretionary; issuer credit risk; price volatility.', '2026-02-10 08:45:07.602000', '2026-02-12 18:26:25.554000', 28.10, 66, '{\"transparency\":20,\"riskControl\":15,\"jurisdiction\":13,\"structure\":9,\"trackRecord\":9}'),
('a6647e83-ce01-42df-8bf2-edaa9b9bf39b', 'Strategy Inc.', 'Strife Preferred', 'STRF', 'Senior preferred', '10', 'Perpetual', 'Senior preferred', 'Senior-most preferred series.', 'US brokerages (Nasdaq)', 'BTC treasury exposure', 'Issuer credit risk; market volatility.', '2026-02-10 08:45:07.602000', '2026-02-12 18:25:59.980000', 32.00, 74, '{\"transparency\":25,\"riskControl\":18,\"jurisdiction\":15,\"structure\":11,\"trackRecord\":5}'),
('d06bbcce-ce7a-487f-a13c-f9f29279f3b3', 'Strategy Inc.', 'Stride Preferred', 'STRD', 'Junior preferred', '10', 'Perpetual', 'Junior preferred', 'Lower priority in capital stack.', 'US brokerages (Nasdaq)', 'BTC treasury exposure', 'Higher loss risk; dividend discretionary; price sensitivity.', '2026-02-10 08:45:07.602000', '2026-02-12 18:25:45.157000', 36.00, 70, '{\"transparency\":22,\"riskControl\":17,\"jurisdiction\":15,\"structure\":10,\"trackRecord\":6}'),
('ef8ded6a-2c79-47d8-846a-61eec15b5301', 'Strategy Inc.', 'Stretch Preferred', 'STRC', 'Perpetual preferred', '11.25', 'Perpetual', 'Preferred', 'Designed to reduce volatility by adjusting dividends monthly.', 'US brokerages (Nasdaq)', 'BTC treasury exposure', 'Dividend discretionary; issuer risk; low volatility (~7%).', '2026-02-10 08:45:07.602000', '2026-02-12 18:25:09.751000', 22.00, 72, '{\"transparency\":24,\"riskControl\":18,\"jurisdiction\":15,\"structure\":10,\"trackRecord\":5}');

INSERT INTO `users` (`id`, `name`, `email`, `password`, `emailVerified`, `verificationToken`, `verificationTokenExpires`, `createdAt`, `updatedAt`, `resetPasswordToken`, `resetPasswordTokenExpires`) VALUES
('b4a4a681-7244-4fb3-be5a-31d9bb108abd', 'Henri-Mill FETCHOUANG', 'xtvalizo@gmail.com', '$2b$10$BERSSf3uE/ZPE7F7.FLDwOhdDFy4.PZCci6CqhJLp2wlmhRdfRvw2', 1, NULL, NULL, '2026-01-30 10:49:28.369000', '2026-01-31 10:03:40.894000', NULL, NULL);
